"catalogStandard","canonicalLessonId","slug","grade","declaredStandards","domain","unit","positionWithinUnit","positionMeaning","objective","exists","registered","technicalQa","curriculumApproval","productionRelease","planningEligible","roadmapCheckmark","checkpoints","relationship","mismatches","combinedStandardCandidates","sources","sourceVersion"
"RL.K.1","key-details","key-details","Kindergarten","RL.K.1","Reading Literature","K.U1","8","roadmap-standard-row-not-approved-lesson-order","You will ask and answer questions about who, what, and where in a story.","true","true","unknown","unknown","unknown","false","true","k-final; key-details-quiz; unit-1-exam","exact-declaration","multiple-lessons-declare-standard","","app/data/sample-lessons.json; app/data/lessons-v2/key-details.ts; docs/UNIT_ROADMAP.md:28","94c81696cfa4abff9cc58bfc5a2f0e072a6da88db8c7715fee0c7d14b462eeb9"
"RL.K.1","reading-detective","reading-detective","Kindergarten","RL.K.1","Reading Literature","K.U1","8","roadmap-standard-row-not-approved-lesson-order","Use clues from the story to figure out what the words don't say. That's an inference!","true","true","unknown","unknown","unknown","false","true","","exact-declaration","multiple-lessons-declare-standard","","app/data/sample-lessons.json; app/data/lessons-v2/reading-detective.ts; docs/UNIT_ROADMAP.md:28","97724c10ee12741ac673b61c84de81c4d15637ceef7db72baada3e865bd5af3d"
"RF.K.2a","rhyme-time","rhyme-time","Kindergarten","RF.K.2a","Foundational Skills","K.U1","5","roadmap-standard-row-not-approved-lesson-order","You will learn to find words that rhyme.","true","true","unknown","unknown","unknown","false","true","k-final; rhyme-time-quiz; unit-1-exam","exact-declaration","","","app/data/sample-lessons.json; app/data/lessons-v2/rhyme-time.ts; docs/UNIT_ROADMAP.md:25","c918ad7261d6c663addba61e8e6709f613c5f412cfcf5224fc4c11f0ac947037"
"RI.K.1","fact-finder-basics","fact-finder-basics","Kindergarten","RI.K.1","Reading Informational Text","K.U4","1","roadmap-standard-row-not-approved-lesson-order","I can ask and answer questions about facts.","true","true","unknown","unknown","unknown","false","true","fact-finder-basics-quiz; unit-4-exam","exact-declaration","","","app/data/sample-lessons.json; app/data/lessons-v2/fact-finder-basics.ts; docs/UNIT_ROADMAP.md:63","a64d0522e0e7aca75abe3176c140b63569c4a9b8e898ef2589d14d97ebcaa6cd"
"RL.K.2","tell-it-back","tell-it-back","Kindergarten","RL.K.2","Reading Literature","K.U2","6","roadmap-standard-row-not-approved-lesson-order","I can tell what happened at the beginning, middle, and end of a story.","true","true","unknown","unknown","unknown","false","true","k-final; tell-it-back-quiz; unit-2-exam","exact-declaration","","","app/data/sample-lessons.json; app/data/lessons-v2/tell-it-back.ts; docs/UNIT_ROADMAP.md:42","c29cc2ab52636b7a6c71f6430416f5eabe7f3a24b8b8a29127d371a2bbcd8d53"
"RL.K.3","story-elements","story-elements","Kindergarten","RL.K.3","Reading Literature","K.U1","9","roadmap-standard-row-not-approved-lesson-order","Characters are WHO a story is about. The setting is WHERE it happens. Events happen in order.","true","true","unknown","unknown","unknown","false","true","","exact-declaration","","","app/data/sample-lessons.json; app/data/lessons-v2/story-elements.ts; docs/UNIT_ROADMAP.md:29","7afed4641a6195cfe694bf664551cb589859def5f74171595992902754dbcd78"
"RL.K.4","word-wonder","word-wonder","Kindergarten","RL.K.4","Reading Literature","K.U2","7","roadmap-standard-row-not-approved-lesson-order","I can be a word detective and figure out new words.","true","true","unknown","unknown","unknown","false","true","unit-2-exam; word-wonder-quiz","exact-declaration","","","app/data/sample-lessons.json; app/data/lessons-v2/word-wonder.ts; docs/UNIT_ROADMAP.md:43","5b3abbb7ac20f89423eb3f3689ef65e076bfb0c78fdb4c99c921eb5562ad1426"
"RL.K.5","story-kinds","story-kinds","Kindergarten","RL.K.5","Reading Literature","K.U1","10","roadmap-standard-row-not-approved-lesson-order","I can tell if a book is make-believe or real.","true","true","unknown","unknown","unknown","false","true","story-kinds-quiz; unit-1-exam","exact-declaration","","","app/data/sample-lessons.json; app/data/lessons-v2/story-kinds.ts; docs/UNIT_ROADMAP.md:30","d0d908aa5d7fec76780e417a4182eb29892411a868c7a2cf4dbbaf56fe6f45ea"
"RL.K.6","book-makers","book-makers","Kindergarten","RL.K.6","Reading Literature","K.U1","11","roadmap-standard-row-not-approved-lesson-order","You will learn who makes the words and pictures in a book!","true","true","unknown","unknown","unknown","false","true","book-makers-quiz; unit-1-exam","exact-declaration","","","app/data/sample-lessons.json; app/data/lessons-v2/book-makers.ts; docs/UNIT_ROADMAP.md:31","a7f6c444d4bb1df914306883b4fddd4ebb047c7efdded16fd055ceee7c8919ac"
"RL.K.7","picture-clues","picture-clues","Kindergarten","RL.K.7","Reading Literature","K.U3","3","roadmap-standard-row-not-approved-lesson-order","We will learn how pictures tell us more about a story!","true","true","unknown","unknown","unknown","false","true","k-final; picture-clues-quiz; unit-3-exam","exact-declaration","","","app/data/sample-lessons.json; app/data/lessons-v2/picture-clues.ts; docs/UNIT_ROADMAP.md:52","78e4b84f32eb6dc4cd78c7db821cbbca7227e29d9d209df5448dcb4a3d0061cd"
"RL.K.9","same-and-different","same-and-different","Kindergarten","RL.K.9","Reading Literature","K.U3","4","roadmap-standard-row-not-approved-lesson-order","I can tell what happened to both friends, and what happened to just one friend in a story.","true","true","unknown","unknown","unknown","false","true","same-and-different-quiz; unit-3-exam","exact-declaration","","","app/data/sample-lessons.json; app/data/lessons-v2/same-and-different.ts; docs/UNIT_ROADMAP.md:53","a33eacb0bb062e23044f2d406f627fe118328ea3ed7fc24afe1d52b35af6a106"
"RI.K.2","whats-it-about","whats-it-about","Kindergarten","RI.K.2","Reading Informational Text","K.U4","2","roadmap-standard-row-not-approved-lesson-order","I can name what a book is all about and tell important facts.","true","true","unknown","unknown","unknown","false","true","k-final; unit-4-exam; whats-it-about-quiz","exact-declaration","","","app/data/sample-lessons.json; app/data/lessons-v2/whats-it-about.ts; docs/UNIT_ROADMAP.md:64","1882ee05cf68f1c270c39f9bfcdabde1f34a27647a7f07cda508a836766a537d"
"RI.K.3","how-they-connect","how-they-connect","Kindergarten","RI.K.3","Reading Informational Text","K.U4","3","roadmap-standard-row-not-approved-lesson-order","I can tell why two things go together in a fact.","true","true","unknown","unknown","unknown","false","true","how-they-connect-quiz; unit-4-exam","exact-declaration","","","app/data/sample-lessons.json; app/data/lessons-v2/how-they-connect.ts; docs/UNIT_ROADMAP.md:65","8aeb506e252ab57f4838dde81dafc8dcd52da232088bddd2b815938514495620"
"RI.K.4","science-word-wonder","science-word-wonder","Kindergarten","RI.K.4","Reading Informational Text","K.U4","4","roadmap-standard-row-not-approved-lesson-order","I can figure out new science words in a fact book.","true","true","unknown","unknown","unknown","false","true","science-word-wonder-quiz; unit-4-exam","exact-declaration","","","app/data/sample-lessons.json; app/data/lessons-v2/science-word-wonder.ts; docs/UNIT_ROADMAP.md:66","35195a0ccefe83356f1ee2568e45b002b0ae237fd9177b826085720c07897a6d"
"RI.K.5","parts-of-a-book","parts-of-a-book","Kindergarten","RI.K.5","Reading Informational Text","K.U4","5","roadmap-standard-row-not-approved-lesson-order","I can find the front cover, back cover, and title page of a book.","true","true","unknown","unknown","unknown","false","true","parts-of-a-book-quiz; unit-4-exam","exact-declaration","","","app/data/sample-lessons.json; app/data/lessons-v2/parts-of-a-book.ts; docs/UNIT_ROADMAP.md:67","d330a29b0cca68031025d4a26d937850a4103688bddcac384c17b177041b1a1a"
"RI.K.6","fact-book-makers","fact-book-makers","Kindergarten","RI.K.6","Reading Informational Text","K.U4","6","roadmap-standard-row-not-approved-lesson-order","You will learn who makes a fact book: the author writes the true words, and the illustrator makes the pictures or photos!","true","true","unknown","unknown","unknown","false","true","fact-book-makers-quiz; unit-4-exam","exact-declaration","","","app/data/sample-lessons.json; app/data/lessons-v2/fact-book-makers.ts; docs/UNIT_ROADMAP.md:68","fa3f12455d1f93b6fe35d1e447d289ecb85a4b1d15829ee687cd7957d12be61a"
"RI.K.7","diagram-detectives","diagram-detectives","Kindergarten","RI.K.7","Reading Informational Text","K.U4","7","roadmap-standard-row-not-approved-lesson-order","I can tell what person, place, or thing a fact book picture shows.","true","true","unknown","unknown","unknown","false","true","diagram-detectives-quiz; unit-4-exam","exact-declaration","","","app/data/sample-lessons.json; app/data/lessons-v2/diagram-detectives.ts; docs/UNIT_ROADMAP.md:69","c6295300ab317f7d3c15391e7294309c83210676c3ec7f0d762defbafc3f32c5"
"RI.K.8","author-reasons","author-reasons","Kindergarten","RI.K.8","Reading Informational Text","K.U4","8","roadmap-standard-row-not-approved-lesson-order","I can find the reasons an author gives in a fact book.","true","true","unknown","unknown","unknown","false","true","author-reasons-quiz; k-final; unit-4-exam","exact-declaration","","","app/data/sample-lessons.json; app/data/lessons-v2/author-reasons.ts; docs/UNIT_ROADMAP.md:70","0dba9e9506639e4f8c39b5a1d39deb009e848b537b0ddaa812eafb3f782951e5"
"RI.K.9","two-books-one-topic","two-books-one-topic","Kindergarten","RI.K.9","Reading Informational Text","K.U4","9","roadmap-standard-row-not-approved-lesson-order","I can tell which facts are in both books and which facts are in just one book.","true","true","unknown","unknown","unknown","false","true","two-books-one-topic-quiz; unit-4-exam","exact-declaration","","","app/data/sample-lessons.json; app/data/lessons-v2/two-books-one-topic.ts; docs/UNIT_ROADMAP.md:71","8daab33c8094f74822e16f6d2fa2cc3399287f153a5854613b8b15f440126d7d"
"RF.K.1a","book-basics","book-basics","Kindergarten","RF.K.1","Foundational Skills","K.U1","1","roadmap-standard-row-not-approved-lesson-order","I can find words in a book by reading left to right and top to bottom.","true","true","unknown","unknown","unknown","false","true","book-basics-quiz; k-final; unit-1-exam","documented-combined-candidate","parent-standard-vs-substandard:review-required; declared-standard-outside-routing-catalog","RF.K.1a; RF.K.1b; RF.K.1c","app/data/sample-lessons.json; app/data/lessons-v2/book-basics.ts; docs/UNIT_ROADMAP.md:21","75351a41d4b57f0a01d28499aa0ee2e5771a9f54a7fc246861285fec494aea59"
"RF.K.1b","book-basics","book-basics","Kindergarten","RF.K.1","Foundational Skills","K.U1","2","roadmap-standard-row-not-approved-lesson-order","I can find words in a book by reading left to right and top to bottom.","true","true","unknown","unknown","unknown","false","true","book-basics-quiz; k-final; unit-1-exam","documented-combined-candidate","parent-standard-vs-substandard:review-required; declared-standard-outside-routing-catalog","RF.K.1a; RF.K.1b; RF.K.1c","app/data/sample-lessons.json; app/data/lessons-v2/book-basics.ts; docs/UNIT_ROADMAP.md:22","75351a41d4b57f0a01d28499aa0ee2e5771a9f54a7fc246861285fec494aea59"
"RF.K.1c","book-basics","book-basics","Kindergarten","RF.K.1","Foundational Skills","K.U1","3","roadmap-standard-row-not-approved-lesson-order","I can find words in a book by reading left to right and top to bottom.","true","true","unknown","unknown","unknown","false","true","book-basics-quiz; k-final; unit-1-exam","documented-combined-candidate","parent-standard-vs-substandard:review-required; declared-standard-outside-routing-catalog","RF.K.1a; RF.K.1b; RF.K.1c","app/data/sample-lessons.json; app/data/lessons-v2/book-basics.ts; docs/UNIT_ROADMAP.md:23","75351a41d4b57f0a01d28499aa0ee2e5771a9f54a7fc246861285fec494aea59"
"RF.K.1d","letter-pairs","letter-pairs","Kindergarten","RF.K.1d","Foundational Skills","K.U1","4","roadmap-standard-row-not-approved-lesson-order","Every big letter has a little letter partner, and you can match them!","true","true","unknown","unknown","unknown","false","true","k-final; letter-pairs-quiz; unit-1-exam","exact-declaration","","","app/data/sample-lessons.json; app/data/lessons-v2/letter-pairs.ts; docs/UNIT_ROADMAP.md:24","6e914a006a6163477ee2a75044d7108e37d6092257b2109685114e3be0e2300e"
"RF.K.2b","syllable-beats","syllable-beats","Kindergarten","RF.K.2b","Foundational Skills","K.U1","6","roadmap-standard-row-not-approved-lesson-order","I can clap and count the beats in words!","true","true","unknown","unknown","unknown","false","true","syllable-beats-quiz; unit-1-exam","exact-declaration","","","app/data/sample-lessons.json; app/data/lessons-v2/syllable-beats.ts; docs/UNIT_ROADMAP.md:26","11dbd17259aae4f1d61138646ed757cd472b895cc35b2fe0be754a9330be3d13"
"RF.K.2c","sound-sliders","sound-sliders","Kindergarten","RF.K.2c","Foundational Skills","K.U2","1","roadmap-standard-row-not-approved-lesson-order","I can slide sounds together to make a word and break a word into its parts!","true","true","unknown","unknown","unknown","false","true","k-final; sound-sliders-quiz; unit-2-exam","exact-declaration","","","app/data/sample-lessons.json; app/data/lessons-v2/sound-sliders.ts; docs/UNIT_ROADMAP.md:37","c472352fd58a4cfeea05ad3c1740d7aae0b2cd22fcbfa2f62556b39bde3c19c0"
"RF.K.2d","sound-detectives","sound-detectives","Kindergarten","RF.K.2d","Foundational Skills","K.U2","2","roadmap-standard-row-not-approved-lesson-order","You will become a super sound detective and find sounds in words.","true","true","unknown","unknown","unknown","false","true","k-final; sound-detectives-quiz; unit-2-exam","exact-declaration","","","app/data/sample-lessons.json; app/data/lessons-v2/sound-detectives.ts; docs/UNIT_ROADMAP.md:38","f4afeeabd69403ca5b4b7950810ba07a9ea25ed2d584a69bf6945cc7941bf34e"
"RF.K.2e","word-machines","word-machines","Kindergarten","RF.K.2e","Foundational Skills","K.U2","3","roadmap-standard-row-not-approved-lesson-order","You will learn to change one sound in a word to make a brand-new word!","true","true","unknown","unknown","unknown","false","true","k-final; unit-2-exam; word-machines-quiz","exact-declaration","","","app/data/sample-lessons.json; app/data/lessons-v2/word-machines.ts; docs/UNIT_ROADMAP.md:39","0aa1e17d7f3e2dee6ad3f3935a228fc46466f6618da02292b3e220fde59ac53c"
"RF.K.3a","letter-sounds","letter-sounds","Kindergarten","RF.K.3a","Foundational Skills","K.U2","4","roadmap-standard-row-not-approved-lesson-order","You will learn to say the most common sound for consonant letters!","true","true","unknown","unknown","unknown","false","true","k-final; letter-sounds-quiz; unit-2-exam","exact-declaration","","","app/data/sample-lessons.json; app/data/lessons-v2/letter-sounds.ts; docs/UNIT_ROADMAP.md:40","5fb22d354d62970d45e8c7843d9892b328e2c2f104e88f83c7adb9aa8529aba4"
"RF.K.3b","silent-e","silent-e","Kindergarten","RF.K.3b","Foundational Skills","K.U1","7","roadmap-standard-row-not-approved-lesson-order","A silent E at the end is quiet, but it makes the vowel say its name.","true","true","unknown","unknown","unknown","false","true","","exact-declaration","","","app/data/sample-lessons.json; app/data/lessons-v2/silent-e.ts; docs/UNIT_ROADMAP.md:27","ac0b5b75d74567b626861cb7e586a14e487658a7bf847a7282480422fe27f94c"
"RF.K.3c","snap-words","snap-words","Kindergarten","RF.K.3c","Foundational Skills","K.U2","5","roadmap-standard-row-not-approved-lesson-order","You will learn to read special words super fast, like a snap!","true","true","unknown","unknown","unknown","false","true","k-final; snap-words-quiz; unit-2-exam","exact-declaration","","","app/data/sample-lessons.json; app/data/lessons-v2/snap-words.ts; docs/UNIT_ROADMAP.md:41","42050406a917e77021d03960b94d57d8bdfaa920ba3a0d5a73d2db6f4c7135a7"
"RF.K.3d","look-close","look-close","Kindergarten","RF.K.3d","Foundational Skills","K.U3","1","roadmap-standard-row-not-approved-lesson-order","You will learn to look closely at words and find the letter that changes them.","true","true","unknown","unknown","unknown","false","true","k-final; look-close-quiz; unit-3-exam","exact-declaration","","","app/data/sample-lessons.json; app/data/lessons-v2/look-close.ts; docs/UNIT_ROADMAP.md:50","bb921a68450b70ef3b709590e712e0fdb09ffed5bc5e2276db50ce4942c83613"
"RF.K.4","my-first-read","my-first-read","Kindergarten","RF.K.4","Foundational Skills","K.U3","2","roadmap-standard-row-not-approved-lesson-order","I can read a story and understand what happens!","true","true","unknown","unknown","unknown","false","true","my-first-read-quiz; unit-3-exam","exact-declaration","","","app/data/sample-lessons.json; app/data/lessons-v2/my-first-read.ts; docs/UNIT_ROADMAP.md:51","ac5152214f436060bb6205f0d786dfa40829da145b4c8cc69b740ffd7525bb75"
"K.L.1","naming-doing-words","naming-doing-words","Kindergarten","K.L.1","Language","K.U2","8","roadmap-standard-row-not-approved-lesson-order","I can sort naming words from doing words, and make words mean more than one!","true","true","unknown","unknown","unknown","false","true","k-final; naming-doing-words-quiz; unit-2-exam","exact-declaration","","","app/data/sample-lessons.json; app/data/lessons-v2/naming-doing-words.ts; docs/UNIT_ROADMAP.md:44","2309698b16a6d497d6ad145904887db627c73fa12251fefbd560ed785fbd1d9b"
"K.L.2","capital-start","capital-start","Kindergarten","K.L.2","Language","K.U3","8","roadmap-standard-row-not-approved-lesson-order","I can make sentences start big and stop strong!","true","true","unknown","unknown","unknown","false","true","capital-start-quiz; unit-3-exam","exact-declaration","","","app/data/sample-lessons.json; app/data/lessons-v2/capital-start.ts; docs/UNIT_ROADMAP.md:57","18485b9e652bf493f4468641ba123e636e06b8aef5317f172ba895e3851239f0"
"K.L.4","double-duty-words","double-duty-words","Kindergarten","K.L.4","Language","K.U3","6","roadmap-standard-row-not-approved-lesson-order","I can learn that some words have two jobs!","true","true","unknown","unknown","unknown","false","true","double-duty-words-quiz; unit-3-exam","exact-declaration","","","app/data/sample-lessons.json; app/data/lessons-v2/double-duty-words.ts; docs/UNIT_ROADMAP.md:55","35b9a10d95dbe4c97f18074865b0419441e7e557036c523da112c440bd9d5cf0"
"K.L.5","word-families-friends","word-families-friends","Kindergarten","K.L.5","Language","K.U3","7","roadmap-standard-row-not-approved-lesson-order","You will sort words, find word buddies, and connect words to real life!","true","true","unknown","unknown","unknown","false","true","unit-3-exam; word-families-friends-quiz","exact-declaration","","","app/data/sample-lessons.json; app/data/lessons-v2/word-families-friends.ts; docs/UNIT_ROADMAP.md:56","265d63f0a8778d7f661eb34c628c42e6b4bccc165b80d5087d9216279dd4f6e9"
"K.L.6","big-kid-words","big-kid-words","Kindergarten","K.L.6","Language","K.U1","12","roadmap-standard-row-not-approved-lesson-order","You will learn and use position words to tell where things are.","true","true","unknown","unknown","unknown","false","true","big-kid-words-quiz; unit-1-exam","exact-declaration","","","app/data/sample-lessons.json; app/data/lessons-v2/big-kid-words.ts; docs/UNIT_ROADMAP.md:32","23f20ec2fea4d7dcda79e882840bab9848c9dc8866ed82a92914d426dbdb59fa"
"RL.1.1","ask-it-find-it","ask-it-find-it","1st Grade","RL.1.1","Literature","G1.U1","4","roadmap-standard-row-not-approved-lesson-order","I can ask a question about a story and find the answer in its words.","true","true","unknown","unknown","unknown","false","true","ask-it-find-it-quiz; g1-final; g1-unit-1-exam","exact-declaration","","","app/data/sample-lessons.json; app/data/lessons-v2/ask-it-find-it.ts; docs/UNIT_ROADMAP.md:83","4dda5835715eea123e68ecd446cbcb87c6e64c701db22cd7ae0d4d9ae189674f"
"RL.1.2","story-message","story-message","1st Grade","RL.1.2","Literature","G1.U1","5","roadmap-standard-row-not-approved-lesson-order","I can retell a story in order and find its central message.","true","true","unknown","unknown","unknown","false","true","g1-final; g1-unit-1-exam; story-message-quiz","exact-declaration","","","app/data/sample-lessons.json; app/data/lessons-v2/story-message.ts; docs/UNIT_ROADMAP.md:84","ece13e9e478deefd7e28a8bba483f5ee94b7c505d5b0a6dee1b3cb6a35048645"
"RL.1.3","story-parts","story-parts","1st Grade","RL.1.3","Literature","G1.U2","4","roadmap-standard-row-not-approved-lesson-order","I can describe a story's characters, setting, and major events using key details.","true","true","unknown","unknown","unknown","false","true","g1-unit-2-exam; story-parts-quiz","exact-declaration","","","app/data/sample-lessons.json; app/data/lessons-v2/story-parts.ts; docs/UNIT_ROADMAP.md:98","6a1bfd1398cc2c7bc5b4df2df59e84bb25eab22c98c92c22e2ecc798c3db6bc4"
"RL.1.4","word-pictures","word-pictures","1st Grade","RL.1.4","Literature","G1.U2","5","roadmap-standard-row-not-approved-lesson-order","I can find words in poems and stories that appeal to the senses or show feelings.","true","true","unknown","unknown","unknown","false","true","g1-final; g1-unit-2-exam; word-pictures-quiz","exact-declaration","","","app/data/sample-lessons.json; app/data/lessons-v2/word-pictures.ts; docs/UNIT_ROADMAP.md:99","e0c2a3b2cbf0ec9fa17196923805fd8d80223796c0291996f6986fa52a4f32a2"
"RL.1.5","two-kinds-of-books","two-kinds-of-books","1st Grade","RL.1.5","Literature","G1.U3","4","roadmap-standard-row-not-approved-lesson-order","I can explain how books that tell stories and books that give information are different.","true","true","unknown","unknown","unknown","false","true","g1-unit-3-exam; two-kinds-of-books-quiz","exact-declaration","","","app/data/sample-lessons.json; app/data/lessons-v2/two-kinds-of-books.ts; docs/UNIT_ROADMAP.md:113","6c1db54888072279c7970aedc9a61522cd46762f43364d39fe372eb81af197ea"
"RL.1.6","whos-telling-it","whos-telling-it","1st Grade","RL.1.6","Literature","G1.U3","5","roadmap-standard-row-not-approved-lesson-order","I can find out who is telling the story at each part.","true","true","unknown","unknown","unknown","false","true","g1-final; g1-unit-3-exam; whos-telling-it-quiz","exact-declaration","","","app/data/sample-lessons.json; app/data/lessons-v2/whos-telling-it.ts; docs/UNIT_ROADMAP.md:114","d06eb557b8283ec55aa023a7fcb8bddd72f7d4167c4d134823b7366e02fabdf7"
"RL.1.7","picture-detectives","picture-detectives","1st Grade","RL.1.7","Literature","G1.U4","4","roadmap-standard-row-not-approved-lesson-order","I can use the words and the picture together to describe a story.","true","true","unknown","unknown","unknown","false","true","g1-unit-4-exam; picture-detectives-quiz","exact-declaration","","","app/data/sample-lessons.json; app/data/lessons-v2/picture-detectives.ts; docs/UNIT_ROADMAP.md:128","51c70b01f314f5adbf4af1b4616185cb3ef8f4feb0447bad6f0ff692fbe6cb1e"
"RL.1.9","same-different-stories","same-different-stories","1st Grade","RL.1.9","Literature","G1.U4","5","roadmap-standard-row-not-approved-lesson-order","I can compare and contrast what happens to two characters and how each one feels and acts.","true","true","unknown","unknown","unknown","false","true","g1-unit-4-exam; same-different-stories-quiz","exact-declaration","","","app/data/sample-lessons.json; app/data/lessons-v2/same-different-stories.ts; docs/UNIT_ROADMAP.md:129","c24876d63ffe285fc5842efa5f389e73c318cf68ffdebe044b17bb9b638a0b92"
"RI.1.1","fact-questions","fact-questions","1st Grade","RI.1.1","Informational","G1.U1","6","roadmap-standard-row-not-approved-lesson-order","I can ask and answer questions about facts in a book.","true","true","unknown","unknown","unknown","false","true","fact-questions-quiz; g1-unit-1-exam","exact-declaration","","","app/data/sample-lessons.json; app/data/lessons-v2/fact-questions.ts; docs/UNIT_ROADMAP.md:85","49611310a8e1128d90cc3f8944672e246ac2f4cbeeffaf99808c56e493b0c095"
"RI.1.2","topic-spotter","topic-spotter","1st Grade","RI.1.2","Informational","G1.U1","7","roadmap-standard-row-not-approved-lesson-order","I can name the main topic of a fact book and retell its key details in order.","true","true","unknown","unknown","unknown","false","true","g1-final; g1-unit-1-exam; topic-spotter-quiz","exact-declaration","","","app/data/sample-lessons.json; app/data/lessons-v2/topic-spotter.ts; docs/UNIT_ROADMAP.md:86","77c3619fd857ab13bb1d830c7532ec84d20dce00cb78f43820f5cddad1805fa5"
"RI.1.3","fact-links","fact-links","1st Grade","RI.1.3","Informational","G1.U2","6","roadmap-standard-row-not-approved-lesson-order","I can tell how two facts in a book link together.","true","true","unknown","unknown","unknown","false","true","fact-links-quiz; g1-unit-2-exam","exact-declaration","","","app/data/sample-lessons.json; app/data/lessons-v2/fact-links.ts; docs/UNIT_ROADMAP.md:100","fb4a047d2e7abac5cb25de5c6803979e61b59012adbe5ee9aa89e968698bf775"
"RI.1.4","fact-word-finder","fact-word-finder","1st Grade","RI.1.4","Informational","G1.U2","7","roadmap-standard-row-not-approved-lesson-order","I can ask and answer questions about new words in a fact book.","true","true","unknown","unknown","unknown","false","true","fact-word-finder-quiz; g1-unit-2-exam","exact-declaration","","","app/data/sample-lessons.json; app/data/lessons-v2/fact-word-finder.ts; docs/UNIT_ROADMAP.md:101","057cdca066e14b284493cf34ab2d95da7832c734b181cca462f602a7ebb474e3"
"RI.1.5","text-feature-finders","text-feature-finders","1st Grade","RI.1.5","Informational","G1.U3","6","roadmap-standard-row-not-approved-lesson-order","I can use text features to find facts fast.","true","true","unknown","unknown","unknown","false","true","g1-final; g1-unit-3-exam; text-feature-finders-quiz","exact-declaration","","","app/data/sample-lessons.json; app/data/lessons-v2/text-feature-finders.ts; docs/UNIT_ROADMAP.md:115","32849656636589124bffaff0545e6244355603171dfab2923591344fcff3f703"
"RI.1.6","picture-or-words","picture-or-words","1st Grade","RI.1.6","Informational","G1.U3","7","roadmap-standard-row-not-approved-lesson-order","I can tell if a fact came from the words or the picture.","true","true","unknown","unknown","unknown","false","true","g1-unit-3-exam; picture-or-words-quiz","exact-declaration","","","app/data/sample-lessons.json; app/data/lessons-v2/picture-or-words.ts; docs/UNIT_ROADMAP.md:116","4152505bee33f0538378724e667d65e1a66c57282dcbfdbdd91c73ae9a153e17"
"RI.1.7","idea-illustrators","idea-illustrators","1st Grade","RI.1.7","Informational","G1.U4","6","roadmap-standard-row-not-approved-lesson-order","I can use the words and the picture to describe what a fact page teaches.","true","true","unknown","unknown","unknown","false","true","g1-unit-4-exam; idea-illustrators-quiz","exact-declaration","","","app/data/sample-lessons.json; app/data/lessons-v2/idea-illustrators.ts; docs/UNIT_ROADMAP.md:130","d74a21308c3b737b573c9a34d36abec806bef7b8d407b8be6c13b12621abb2a0"
"RI.1.8","prove-it","prove-it","1st Grade","RI.1.8","Informational","G1.U4","7","roadmap-standard-row-not-approved-lesson-order","I can find the author's point and the reasons that prove it.","true","true","unknown","unknown","unknown","false","true","g1-final; g1-unit-4-exam; prove-it-quiz","exact-declaration","","","app/data/sample-lessons.json; app/data/lessons-v2/prove-it.ts; docs/UNIT_ROADMAP.md:131","c7e94ba16653a10b88635808a091fce0f697a66a18fa349bed945f3285c64027"
"RI.1.9","two-texts-compare","two-texts-compare","1st Grade","RI.1.9","Informational","G1.U5","4","roadmap-standard-row-not-approved-lesson-order","I can find facts two books share and facts only one book teaches.","true","true","unknown","unknown","unknown","false","true","g1-unit-5-exam; two-texts-compare-quiz","exact-declaration","","","app/data/sample-lessons.json; app/data/lessons-v2/two-texts-compare.ts; docs/UNIT_ROADMAP.md:143","0914821d1fcd29c2c31264ff672a5e1518731f61dfa469375db54746a10bda0f"
"RF.1.1a","sentence-shapes","sentence-shapes","1st Grade","RF.1.1a","Foundational Skills","G1.U1","1","roadmap-standard-row-not-approved-lesson-order","I can spot what makes a sentence just right!","true","true","unknown","unknown","unknown","false","true","g1-final; g1-unit-1-exam; sentence-shapes-quiz","exact-declaration","","","app/data/sample-lessons.json; app/data/lessons-v2/sentence-shapes.ts; docs/UNIT_ROADMAP.md:80","5bf650694430291e4311e59e9e17f7afc5fa91b80afeef77fecc371241538065"
"RF.1.2b","blend-builders","blend-builders","1st Grade","RF.1.2b","Foundational Skills","G1.U1","2","roadmap-standard-row-not-approved-lesson-order","I can blend sounds into whole words, even words with tricky blends!","true","true","unknown","unknown","unknown","false","true","blend-builders-quiz; g1-final; g1-unit-1-exam","exact-declaration","","","app/data/sample-lessons.json; app/data/lessons-v2/blend-builders.ts; docs/UNIT_ROADMAP.md:81","0bb7be80efa8f6be37dfb7299de0b2593267294c5134507cca84bbdb99693645"
"RF.1.2c","sound-spotters","sound-spotters","1st Grade","RF.1.2c","Foundational Skills","G1.U1","3","roadmap-standard-row-not-approved-lesson-order","I can find the first, middle vowel, and last sounds in words, even words with blends!","true","true","unknown","unknown","unknown","false","true","g1-unit-1-exam; sound-spotters-quiz","exact-declaration","","","app/data/sample-lessons.json; app/data/lessons-v2/sound-spotters.ts; docs/UNIT_ROADMAP.md:82","719c2eb00e08a241623f0ea05f6e78818b541e62fff3f1d416dc707e6234974f"
"RF.1.2d","sound-stretchers","sound-stretchers","1st Grade","RF.1.2d","Foundational Skills","G1.U2","1","roadmap-standard-row-not-approved-lesson-order","I can stretch a word and say every sound in order!","true","true","unknown","unknown","unknown","false","true","g1-unit-2-exam; sound-stretchers-quiz","exact-declaration","","","app/data/sample-lessons.json; app/data/lessons-v2/sound-stretchers.ts; docs/UNIT_ROADMAP.md:95","27754a933dee9b2144bdca2e8e2a6c9d072e2ddee3a9629658054dd4234735f8"
"RF.1.4b","smooth-reader","smooth-reader","1st Grade","RF.1.4b","Foundational Skills","G1.U2","2","roadmap-standard-row-not-approved-lesson-order","I can read a story out loud with a good pace and expression.","true","true","unknown","unknown","unknown","false","true","g1-final; g1-unit-2-exam; smooth-reader-quiz","exact-declaration","","","app/data/sample-lessons.json; app/data/lessons-v2/smooth-reader.ts; docs/UNIT_ROADMAP.md:96","8084fafaa26f16906dfaf84dc613eb9d90d21b87a8f8818cd77bb94e1741f80b"
"RF.1.4c","check-and-fix","check-and-fix","1st Grade","RF.1.4c","Foundational Skills","G1.U2","3","roadmap-standard-row-not-approved-lesson-order","I can stop, check, and fix a word that does not make sense.","true","true","unknown","unknown","unknown","false","true","check-and-fix-quiz; g1-final; g1-unit-2-exam","exact-declaration","","","app/data/sample-lessons.json; app/data/lessons-v2/check-and-fix.ts; docs/UNIT_ROADMAP.md:97","31f319a71193cc297d4e6bd78569c2f50075e510cd4cbebe82b0930458d4a3cf"
"L.1.4","word-toolbox","word-toolbox","1st Grade","L.1.4","Language","G1.U1","8","roadmap-standard-row-not-approved-lesson-order","I can use tools to figure out what a tricky word means.","true","true","unknown","unknown","unknown","false","true","g1-unit-1-exam; word-toolbox-quiz","exact-declaration","","","app/data/sample-lessons.json; app/data/lessons-v2/word-toolbox.ts; docs/UNIT_ROADMAP.md:87","c624ea31baa6927159ef6cb65284fba0d1b28df3433a40e3f568328dfb105f53"
"L.1.4a","sentence-clues","sentence-clues","1st Grade","L.1.4a","Language","G1.U1","9","roadmap-standard-row-not-approved-lesson-order","I can use the other words in a sentence to figure out what a tricky word means.","true","true","unknown","unknown","unknown","false","true","g1-final; g1-unit-1-exam; sentence-clues-quiz","exact-declaration","","","app/data/sample-lessons.json; app/data/lessons-v2/sentence-clues.ts; docs/UNIT_ROADMAP.md:88","66c1a8ec8ae03828791b9c8f066bdd954e3e24dec3bd1b664bf83b9e3d884902"
"L.1.4b","prefix-power","prefix-power","1st Grade","L.1.4b","Language","G1.U1","10","roadmap-standard-row-not-approved-lesson-order","I can use word parts like un-, re-, and -ful to help me understand new words.","true","true","unknown","unknown","unknown","false","true","g1-final; g1-unit-1-exam; prefix-power-quiz","exact-declaration","","","app/data/sample-lessons.json; app/data/lessons-v2/prefix-power.ts; docs/UNIT_ROADMAP.md:89","109c17087ae5d5d7051a0c4fde209785e8434e39fdd1b20ea7aff6906510c01f"
"L.1.4c","word-changers","word-changers","1st Grade","L.1.4c","Language","G1.U2","8","roadmap-standard-row-not-approved-lesson-order","I can find the root word and use endings like s, ed, and ing.","true","true","unknown","unknown","unknown","false","true","g1-unit-2-exam; word-changers-quiz","exact-declaration","","","app/data/sample-lessons.json; app/data/lessons-v2/word-changers.ts; docs/UNIT_ROADMAP.md:102","9f4b5c0123fb638358cddf9ebd2f9acf8ae58b46770135578f2a964162ea978c"
"L.1.5","just-right-words","just-right-words","1st Grade","L.1.5","Language","G1.U2","9","roadmap-standard-row-not-approved-lesson-order","I can pick the word that fits just right.","true","true","unknown","unknown","unknown","false","true","g1-unit-2-exam; just-right-words-quiz","exact-declaration","","","app/data/sample-lessons.json; app/data/lessons-v2/just-right-words.ts; docs/UNIT_ROADMAP.md:103","c828ae5742f38be5ed706a4018ec99314e5a6136310d338671bc5ef66995c252"
"L.1.5a","category-captain","category-captain","1st Grade","L.1.5a","Language","G1.U2","10","roadmap-standard-row-not-approved-lesson-order","I can sort words into categories and tell why they belong.","true","true","unknown","unknown","unknown","false","true","category-captain-quiz; g1-unit-2-exam","exact-declaration","","","app/data/sample-lessons.json; app/data/lessons-v2/category-captain.ts; docs/UNIT_ROADMAP.md:104","93f7652b30bc7f074d7774f8e05f494a20e100569c337603e6dc17f582582a3e"
"L.1.5b","what-is-it","what-is-it","1st Grade","L.1.5b","Language","G1.U3","8","roadmap-standard-row-not-approved-lesson-order","I can tell what a word means by naming its group and one special thing.","true","true","unknown","unknown","unknown","false","true","g1-unit-3-exam; what-is-it-quiz","exact-declaration","","","app/data/sample-lessons.json; app/data/lessons-v2/what-is-it.ts; docs/UNIT_ROADMAP.md:117","27e5163928c0e886502000c069694762eb8f961d754da48554343164a61f9385"
"L.1.5c","words-in-real-life","words-in-real-life","1st Grade","L.1.5c","Language","G1.U3","9","roadmap-standard-row-not-approved-lesson-order","I can connect words to real things, places, and moments in my world.","true","true","unknown","unknown","unknown","false","true","g1-unit-3-exam; words-in-real-life-quiz","exact-declaration","","","app/data/sample-lessons.json; app/data/lessons-v2/words-in-real-life.ts; docs/UNIT_ROADMAP.md:118","c872181912987fb1366f733396d47febfd22f6de90c922b5fceab8adea9b5aca"
"L.1.5d","strong-words","strong-words","1st Grade","L.1.5d","Language","G1.U3","10","roadmap-standard-row-not-approved-lesson-order","I can pick the verb that matches how it happened.","true","true","unknown","unknown","unknown","false","true","g1-unit-3-exam; strong-words-quiz","exact-declaration","","","app/data/sample-lessons.json; app/data/lessons-v2/strong-words.ts; docs/UNIT_ROADMAP.md:119","898929f2680a692c3a02c86611f1c160ceb160fc375c4b0108b7b52c7906affe"
"L.1.6","words-we-use","words-we-use","1st Grade","L.1.6","Language","G1.U4","8","roadmap-standard-row-not-approved-lesson-order","You will use joining words like because, and, but, and so to connect your ideas.","true","true","unknown","unknown","unknown","false","true","g1-unit-4-exam; words-we-use-quiz","exact-declaration","","","app/data/sample-lessons.json; app/data/lessons-v2/words-we-use.ts; docs/UNIT_ROADMAP.md:132","ffea98bb7e33a064015dc70edb54257cdd67440887930c9702d12776caafb504"
"RL.2.1","ask-and-answer-g2","ask-and-answer-g2","2nd Grade","RL.2.1","Literature","G2.U1","4","roadmap-standard-row-not-approved-lesson-order","I can ask and answer who, what, where, when, why, and how questions and prove each answer with the story's words.","true","true","unknown","unknown","unknown","false","true","ask-and-answer-g2-quiz; g2-unit-1-exam","exact-declaration","","","app/data/sample-lessons.json; app/data/lessons-v2/ask-and-answer-g2.ts; docs/UNIT_ROADMAP.md:155","8a6810d1fe0b4b8063221aae1b341d3602ad5c22b2676fc41ce2f13a5f61471d"
"RL.2.2","fable-tellers","fable-tellers","2nd Grade","RL.2.2","Literature","G2.U1","5","roadmap-standard-row-not-approved-lesson-order","I can read a whole fable, retell it in order, and find the moral it teaches.","true","true","unknown","unknown","unknown","false","true","fable-tellers-quiz; g2-final; g2-unit-1-exam","exact-declaration","","","app/data/sample-lessons.json; app/data/lessons-v2/fable-tellers.ts; docs/UNIT_ROADMAP.md:156","ab317db3d022116ef27cdcede0e4ae2a125de263f2473a2deb64deca9dd96307"
"RL.2.3","character-challenges","character-challenges","2nd Grade","RL.2.3","Literature","G2.U1","6","roadmap-standard-row-not-approved-lesson-order","I can describe how a character responds to major events and challenges in a story.","true","true","unknown","unknown","unknown","false","true","character-challenges-quiz; g2-unit-1-exam","exact-declaration","","","app/data/sample-lessons.json; app/data/lessons-v2/character-challenges.ts; docs/UNIT_ROADMAP.md:157","495de2e8ca7bef7e16166c4dbde8ffdde0af36842abc570c260f852deb63ed64"
"RL.2.4","word-music","word-music","2nd Grade","RL.2.4","Literature","G2.U2","4","roadmap-standard-row-not-approved-lesson-order","I can describe how words and phrases give a poem rhythm and meaning.","true","true","unknown","unknown","unknown","false","true","g2-unit-2-exam; word-music-quiz","exact-declaration","","","app/data/sample-lessons.json; app/data/lessons-v2/word-music.ts; docs/UNIT_ROADMAP.md:173","7a7fc1e8d160772e22ac28d519b44638f3fa1a275949793014d518a52262a40c"
"RL.2.5","story-shape","story-shape","2nd Grade","RL.2.5","Literature","G2.U2","5","roadmap-standard-row-not-approved-lesson-order","I can describe how a story's beginning introduces it and its ending concludes the action.","true","true","unknown","unknown","unknown","false","true","g2-final; g2-unit-2-exam; story-shape-quiz","exact-declaration","","","app/data/sample-lessons.json; app/data/lessons-v2/story-shape.ts; docs/UNIT_ROADMAP.md:174","e6f8834b9b6ae1409176df38e8c6731626410061cf9a4bff60d3287f3e61349f"
"RL.2.6","two-ways-to-see","two-ways-to-see","2nd Grade","RL.2.6","Literature","G2.U2","6","roadmap-standard-row-not-approved-lesson-order","I can notice when two characters feel differently about the same thing and tell who feels what.","true","true","unknown","unknown","unknown","false","true","g2-unit-2-exam; two-ways-to-see-quiz","exact-declaration","","","app/data/sample-lessons.json; app/data/lessons-v2/two-ways-to-see.ts; docs/UNIT_ROADMAP.md:175","6a856b68eb942b1fe9ef40ff2bcdb21531b1913ed93b259d58f6839c1c1f6966"
"RL.2.7","pictures-tell-more","pictures-tell-more","2nd Grade","RL.2.7","Literature","G2.U3","4","roadmap-standard-row-not-approved-lesson-order","I can use the words and the pictures together to understand a story.","true","true","unknown","unknown","unknown","false","true","g2-unit-3-exam; pictures-tell-more-quiz","exact-declaration","","","app/data/sample-lessons.json; app/data/lessons-v2/pictures-tell-more.ts; docs/UNIT_ROADMAP.md:191","42a3ab3ad65426749a9b6dc3a12078a3eadf7ee124283ac2fa0d0efa7478e1cd"
"RL.2.9","one-story-two-ways","one-story-two-ways","2nd Grade","RL.2.9","Literature","G2.U3","5","roadmap-standard-row-not-approved-lesson-order","I can compare two versions of the same story and tell what stays the same and what changes.","true","true","unknown","unknown","unknown","false","true","g2-final; g2-unit-3-exam; one-story-two-ways-quiz","exact-declaration","","","app/data/sample-lessons.json; app/data/lessons-v2/one-story-two-ways.ts; docs/UNIT_ROADMAP.md:192","6463dbe8ca2bf46da2120bbc4a65e51ee903644abca70215b97af42db08a9bc4"
"RL.2.10","the-whole-story","the-whole-story","2nd Grade","RL.2.10","Literature","G2.U3","6","roadmap-standard-row-not-approved-lesson-order","I can read a longer story and understand it using all my reading tools.","true","true","unknown","unknown","unknown","false","true","g2-final; g2-unit-3-exam; the-whole-story-quiz","exact-declaration","","","app/data/sample-lessons.json; app/data/lessons-v2/the-whole-story.ts; docs/UNIT_ROADMAP.md:193","e59d99f623a82b07d951685b2b8815b7aa77773760b04279190823ece6e0d605"
"RI.2.1","fact-finders-ask","fact-finders-ask","2nd Grade","RI.2.1","Informational","G2.U1","7","roadmap-standard-row-not-approved-lesson-order","I can ask and answer who, what, where, when, why, and how questions about a fact book and prove each answer with the book's exact words.","true","true","unknown","unknown","unknown","false","true","fact-finders-ask-quiz; g2-unit-1-exam","exact-declaration","","","app/data/sample-lessons.json; app/data/lessons-v2/fact-finders-ask.ts; docs/UNIT_ROADMAP.md:158","a247067702d3ff58768710756b9d07af46ca0f983084e256651090487a6d29db"
"RI.2.2","paragraph-power","paragraph-power","2nd Grade","RI.2.2","Informational","G2.U1","8","roadmap-standard-row-not-approved-lesson-order","I can find the main topic of a whole text and the job of each of its paragraphs.","true","true","unknown","unknown","unknown","false","true","g2-final; g2-unit-1-exam; paragraph-power-quiz","exact-declaration","","","app/data/sample-lessons.json; app/data/lessons-v2/paragraph-power.ts; docs/UNIT_ROADMAP.md:159","c3e9c387e1b0aee02dc6662ed651490d949f3ff1a298eb5d1f2326bae84ce2a4"
"RI.2.3","chains-and-steps","chains-and-steps","2nd Grade","RI.2.3","Informational","G2.U1","9","roadmap-standard-row-not-approved-lesson-order","I can explain how the steps in a true text connect, and why their order matters.","true","true","unknown","unknown","unknown","false","true","chains-and-steps-quiz; g2-unit-1-exam","exact-declaration","","","app/data/sample-lessons.json; app/data/lessons-v2/chains-and-steps.ts; docs/UNIT_ROADMAP.md:160","520242cb0115bfe4a3c26d1a8f9d626490f5cbb29904378ffb4b934a2d064ad4"
"RI.2.4","science-word-clues","science-word-clues","2nd Grade","RI.2.4","Informational","G2.U2","7","roadmap-standard-row-not-approved-lesson-order","I can use the author's help right in the text to figure out what a topic word means.","true","true","unknown","unknown","unknown","false","true","g2-unit-2-exam; science-word-clues-quiz","exact-declaration","","","app/data/sample-lessons.json; app/data/lessons-v2/science-word-clues.ts; docs/UNIT_ROADMAP.md:176","607912ed7e4d64165caa8abb832a21d0ed1853c9a0e3ad256a990c33785abca9"
"RI.2.5","find-it-fast","find-it-fast","2nd Grade","RI.2.5","Informational","G2.U2","8","roadmap-standard-row-not-approved-lesson-order","I can use a fact book's tools to find the facts I need fast.","true","true","unknown","unknown","unknown","false","true","find-it-fast-quiz; g2-unit-2-exam","exact-declaration","","","app/data/sample-lessons.json; app/data/lessons-v2/find-it-fast.ts; docs/UNIT_ROADMAP.md:177","96efc118c98169cb0b73abde67ce6d4c898fb6329285f44f602bb1cdedf36561"
"RI.2.6","why-authors-write","why-authors-write","2nd Grade","RI.2.6","Informational","G2.U2","9","roadmap-standard-row-not-approved-lesson-order","I can figure out why an author wrote a text.","true","true","unknown","unknown","unknown","false","true","g2-final; g2-unit-2-exam; why-authors-write-quiz","exact-declaration","","","app/data/sample-lessons.json; app/data/lessons-v2/why-authors-write.ts; docs/UNIT_ROADMAP.md:178","9db92aaa3b7bda0ac72dd847ca6b994b5b857fab129192dee09d598b1dbccd67"
"RI.2.7","pictures-that-teach","pictures-that-teach","2nd Grade","RI.2.7","Informational","G2.U3","7","roadmap-standard-row-not-approved-lesson-order","I can explain how a picture helps me understand the words in an information book.","true","true","unknown","unknown","unknown","false","true","g2-unit-3-exam; pictures-that-teach-quiz","exact-declaration","","","app/data/sample-lessons.json; app/data/lessons-v2/pictures-that-teach.ts; docs/UNIT_ROADMAP.md:194","35fcc942e08efb373acee7e2f0c7321d43c9223f964affeb43f19f152fd082ff"
"RI.2.8","hold-it-up","hold-it-up","2nd Grade","RI.2.8","Informational","G2.U3","8","roadmap-standard-row-not-approved-lesson-order","I can describe how an author's reasons hold up the author's point.","true","true","unknown","unknown","unknown","false","true","g2-final; g2-unit-3-exam; hold-it-up-quiz","exact-declaration","","","app/data/sample-lessons.json; app/data/lessons-v2/hold-it-up.ts; docs/UNIT_ROADMAP.md:195","bce3f0775b711efc9bfae4bdf928f2d1e114eedcba7bd79bc7af46d1271589c7"
"RI.2.9","book-team-up","book-team-up","2nd Grade","RI.2.9","Informational","G2.U3","9","roadmap-standard-row-not-approved-lesson-order","I can compare the most important points of two books about the same topic.","true","true","unknown","unknown","unknown","false","true","book-team-up-quiz; g2-unit-3-exam","exact-declaration","","","app/data/sample-lessons.json; app/data/lessons-v2/book-team-up.ts; docs/UNIT_ROADMAP.md:196","2395abad5c728c2a97cd9f7a38db498321eca44bdc283c6635900b64e9b162ee"
"RI.2.10","read-to-learn","read-to-learn","2nd Grade","RI.2.10","Informational","G2.U4","3","roadmap-standard-row-not-approved-lesson-order","I can read a real fact book and understand it using all my fact-reading tools.","true","true","unknown","unknown","unknown","false","true","g2-final; g2-unit-4-exam; read-to-learn-quiz","exact-declaration","","","app/data/sample-lessons.json; app/data/lessons-v2/read-to-learn.ts; docs/UNIT_ROADMAP.md:208","eeb57bb7708792e1c35f8419893691a25e0a1043e8b3d8f822edef728665ec3f"
"RF.2.3","decoding-champions","decoding-champions","2nd Grade","RF.2.3","Foundational Skills","G2.U1","1","roadmap-standard-row-not-approved-lesson-order","I can pick the right phonics tool and use it to decode long words.","true","true","unknown","unknown","unknown","false","true","decoding-champions-quiz; g2-unit-1-exam","exact-declaration","","","app/data/sample-lessons.json; app/data/lessons-v2/decoding-champions.ts; docs/UNIT_ROADMAP.md:152","263e74d73210581048a572cc40e5e4165967e96219a1e7e9e3e40042080a242b"
"RF.2.3a","long-or-short","long-or-short","2nd Grade","RF.2.3a","Foundational Skills","G2.U1","2","roadmap-standard-row-not-approved-lesson-order","I can hear and see whether a vowel is long or short and read look-alike words correctly.","true","true","unknown","unknown","unknown","false","true","g2-final; g2-unit-1-exam; long-or-short-quiz","exact-declaration","","","app/data/sample-lessons.json; app/data/lessons-v2/long-or-short.ts; docs/UNIT_ROADMAP.md:153","c77f8808435bdddb47adcf857fd727c487b9274c189b5dbc54f39e3ecf224013"
"RF.2.3b","team-players","team-players","2nd Grade","RF.2.3b","Foundational Skills","G2.U1","3","roadmap-standard-row-not-approved-lesson-order","I can read words with the vowel teams oo, ow, oi, oy, and aw, even when a team makes two different sounds.","true","true","unknown","unknown","unknown","false","true","g2-final; g2-unit-1-exam; team-players-quiz","exact-declaration","","","app/data/sample-lessons.json; app/data/lessons-v2/team-players.ts; docs/UNIT_ROADMAP.md:154","1f783006bc7732380807ded54e0768596473811d6c5144da873a2fd8a621a291"
"RF.2.3c","long-vowel-builders","long-vowel-builders","2nd Grade","RF.2.3c","Foundational Skills","G2.U2","1","roadmap-standard-row-not-approved-lesson-order","I can split a two-syllable word, spot its long vowel patterns, and read it.","true","true","unknown","unknown","unknown","false","true","g2-unit-2-exam; long-vowel-builders-quiz","exact-declaration","","","app/data/sample-lessons.json; app/data/lessons-v2/long-vowel-builders.ts; docs/UNIT_ROADMAP.md:170","8935a1b80c1095b8d2ef5d0cc188421663146f4edb9af77e4299399b5cd7b950"
"RF.2.3d","prefix-suffix-decoders","prefix-suffix-decoders","2nd Grade","RF.2.3d","Foundational Skills","G2.U2","2","roadmap-standard-row-not-approved-lesson-order","I can decode words with prefixes and suffixes: spot the part, read the base, and snap them together.","true","true","unknown","unknown","unknown","false","true","g2-final; g2-unit-2-exam; prefix-suffix-decoders-quiz","exact-declaration","","","app/data/sample-lessons.json; app/data/lessons-v2/prefix-suffix-decoders.ts; docs/UNIT_ROADMAP.md:171","8d5ca7475750c069f74c25000056e349bf9af38b0bfecf545af59c6177157d72"
"RF.2.3e","tricky-sound-switchers","tricky-sound-switchers","2nd Grade","RF.2.3e","Foundational Skills","G2.U2","3","roadmap-standard-row-not-approved-lesson-order","I can read tricky letter teams by trying one sound, and flipping to the other sound if the word sounds wrong.","true","true","unknown","unknown","unknown","false","true","g2-unit-2-exam; tricky-sound-switchers-quiz","exact-declaration","","","app/data/sample-lessons.json; app/data/lessons-v2/tricky-sound-switchers.ts; docs/UNIT_ROADMAP.md:172","5bf910e5a5d5f7d45d21d92f38183f660ce92a6a96689024ba772950f6a9d3b6"
"RF.2.3f","heart-words","heart-words","2nd Grade","RF.2.3f","Foundational Skills","G2.U3","1","roadmap-standard-row-not-approved-lesson-order","I can read heart words by sounding out the fair parts and knowing the tricky part by heart.","true","true","unknown","unknown","unknown","false","true","g2-final; g2-unit-3-exam; heart-words-quiz","exact-declaration","","","app/data/sample-lessons.json; app/data/lessons-v2/heart-words.ts; docs/UNIT_ROADMAP.md:188","7df9467e92f01e4b61192416955dedfa956bb924de3e7ba7b420bb692306f537"
"RF.2.4","read-like-you-talk","read-like-you-talk","2nd Grade","RF.2.4","Foundational Skills","G2.U3","2","roadmap-standard-row-not-approved-lesson-order","I can read smoothly, fix my mistakes, and let the end marks tell my voice what to do.","true","true","unknown","unknown","unknown","false","true","g2-final; g2-unit-3-exam; read-like-you-talk-quiz","exact-declaration","","","app/data/sample-lessons.json; app/data/lessons-v2/read-like-you-talk.ts; docs/UNIT_ROADMAP.md:189","ed675d7161b8c6d5b60683d9ad5aeb0b440fc313f7b3460915cc0026b72d62f9"
"RF.2.4a","read-with-your-brain","read-with-your-brain","2nd Grade","RF.2.4a","Foundational Skills","G2.U3","3","roadmap-standard-row-not-approved-lesson-order","I can pick a purpose before I read and check that every line makes sense.","true","true","unknown","unknown","unknown","false","true","g2-unit-3-exam; read-with-your-brain-quiz","exact-declaration","","","app/data/sample-lessons.json; app/data/lessons-v2/read-with-your-brain.ts; docs/UNIT_ROADMAP.md:190","2afffe3e3439ad8217f70a12050d6a970999e0a9e671d88b6ef499cdad5e9c38"
"RF.2.4b","read-it-out-loud","read-it-out-loud","2nd Grade","RF.2.4b","Foundational Skills","G2.U4","1","roadmap-standard-row-not-approved-lesson-order","I can read out loud with every word right, a just-right speed, and a voice that shows the feeling.","true","true","unknown","unknown","unknown","false","true","g2-final; g2-unit-4-exam; read-it-out-loud-quiz","exact-declaration","","","app/data/sample-lessons.json; app/data/lessons-v2/read-it-out-loud.ts; docs/UNIT_ROADMAP.md:206","9eebf6c9d93018dc188a58cb5f448feb8b2d36149c5915ff65173add4bfb08a1"
"RF.2.4c","click-and-clunk","click-and-clunk","2nd Grade","RF.2.4c","Foundational Skills","G2.U4","2","roadmap-standard-row-not-approved-lesson-order","I can catch a word that clunks, reread to fix it, and check that it clicks.","true","true","unknown","unknown","unknown","false","true","click-and-clunk-quiz; g2-final; g2-unit-4-exam","exact-declaration","","","app/data/sample-lessons.json; app/data/lessons-v2/click-and-clunk.ts; docs/UNIT_ROADMAP.md:207","be1f4bf1b25aaeebefdca55107fee68362469337082ab0643b37c9bec2e448ad"
"L.2.4","word-solvers","word-solvers","2nd Grade","L.2.4","Language","G2.U1","10","roadmap-standard-row-not-approved-lesson-order","I can solve unknown words with context clues and test both meanings of double-duty words.","true","true","unknown","unknown","unknown","false","true","g2-unit-1-exam; word-solvers-quiz","exact-declaration","","","app/data/sample-lessons.json; app/data/lessons-v2/word-solvers.ts; docs/UNIT_ROADMAP.md:161","f9cbd605fe5ee4760b3fa6e2ef09299c603fba4aec6bbf87bcc522d9af1e5fe7"
"L.2.4a","clue-hunters","clue-hunters","2nd Grade","L.2.4a","Language","G2.U1","11","roadmap-standard-row-not-approved-lesson-order","I can use sentence clues to figure out a new word, and name the kind of clue.","true","true","unknown","unknown","unknown","false","true","clue-hunters-quiz; g2-final; g2-unit-1-exam","exact-declaration","","","app/data/sample-lessons.json; app/data/lessons-v2/clue-hunters.ts; docs/UNIT_ROADMAP.md:162","89f4be1d2ab5144430607571669b8cc746a44186845eeee11d59d1898af27cc8"
"L.2.4b","word-math","word-math","2nd Grade","L.2.4b","Language","G2.U1","12","roadmap-standard-row-not-approved-lesson-order","I can figure out a new word by adding the prefix meaning to a word I know.","true","true","unknown","unknown","unknown","false","true","g2-unit-1-exam; g2-unit-2-exam; word-math-quiz","exact-declaration","","","app/data/sample-lessons.json; app/data/lessons-v2/word-math.ts; docs/UNIT_ROADMAP.md:163","218441bb612dabc564e355d601bfd5f313d25b01445cb6927d9a6d1e4bc851cb"
"L.2.4c","root-clues","root-clues","2nd Grade","L.2.4c","Language","G2.U1","13","roadmap-standard-row-not-approved-lesson-order","I can use a small root word I know as a clue to a big word's meaning.","true","true","unknown","unknown","unknown","false","true","g2-unit-1-exam; root-clues-quiz","exact-declaration","","","app/data/sample-lessons.json; app/data/lessons-v2/root-clues.ts; docs/UNIT_ROADMAP.md:164","ead1f6a108c52a587fa75c1d18c30444466e78eab84ff69e35aeb91713659395"
"L.2.4d","word-plus-word","word-plus-word","2nd Grade","L.2.4d","Language","G2.U2","10","roadmap-standard-row-not-approved-lesson-order","I can predict what a compound word means by adding the meanings of its two smaller words.","true","true","unknown","unknown","unknown","false","true","g2-unit-2-exam; word-plus-word-quiz","exact-declaration","","","app/data/sample-lessons.json; app/data/lessons-v2/word-plus-word.ts; docs/UNIT_ROADMAP.md:179","7430b31f069f3b91955cf60aa2b7f8364faa798ecb22a309cd25c3253c7d6fa0"
"L.2.4e","look-it-up","look-it-up","2nd Grade","L.2.4e","Language","G2.U2","11","roadmap-standard-row-not-approved-lesson-order","I can use a dictionary or glossary to find what a word means.","true","true","unknown","unknown","unknown","false","true","g2-unit-2-exam; look-it-up-quiz","exact-declaration","","","app/data/sample-lessons.json; app/data/lessons-v2/look-it-up.ts; docs/UNIT_ROADMAP.md:180","86d36c881ad0d97b3502ad84ed61addc8876f4ea12b6517e983afba7681bf7c9"
"L.2.5","same-and-opposite","same-and-opposite","2nd Grade","L.2.5","Language","G2.U2","12","roadmap-standard-row-not-approved-lesson-order","I can tell when two words mean almost the same and when they are opposites.","true","true","unknown","unknown","unknown","false","true","g2-unit-2-exam; same-and-opposite-quiz","exact-declaration","","","app/data/sample-lessons.json; app/data/lessons-v2/same-and-opposite.ts; docs/UNIT_ROADMAP.md:181","7ce1c5fbf0de7098d0b09538656f1bab3af08cf98f11e4e0d0dda7d5f27ccdd2"
"L.2.5a","words-in-your-world","words-in-your-world","2nd Grade","L.2.5a","Language","G2.U2","13","roadmap-standard-row-not-approved-lesson-order","I can connect words to the real things they fit and the places where I would use them.","true","true","unknown","unknown","unknown","false","true","g2-unit-2-exam; words-in-your-world-quiz","exact-declaration","","","app/data/sample-lessons.json; app/data/lessons-v2/words-in-your-world.ts; docs/UNIT_ROADMAP.md:182","cf37332891ecdbbac466a5299f12f7209d0a7121cdb1686afc5293974568fa3e"
"L.2.5b","word-ladders","word-ladders","2nd Grade","L.2.5b","Language","G2.U3","10","roadmap-standard-row-not-approved-lesson-order","I can tell how family words climb from weakest to strongest and pick the one that fits.","true","true","unknown","unknown","unknown","false","true","g2-final; g2-unit-3-exam; word-ladders-quiz","exact-declaration","","","app/data/sample-lessons.json; app/data/lessons-v2/word-ladders.ts; docs/UNIT_ROADMAP.md:197","18868597d87b0e9deb22523fc76cfd074267f9c939d359a0293c2c7ceb4928b2"
"L.2.6","describe-it-better","describe-it-better","2nd Grade","L.2.6","Language","G2.U3","11","roadmap-standard-row-not-approved-lesson-order","I can use describing words, thing helpers and action helpers, to make flat sentences come alive.","true","true","unknown","unknown","unknown","false","true","describe-it-better-quiz; g2-unit-3-exam","exact-declaration","","","app/data/sample-lessons.json; app/data/lessons-v2/describe-it-better.ts; docs/UNIT_ROADMAP.md:198","5fb050df6542205decd1ee052149f0a416f4477751801a394ef571fad25250a7"
"RL.3.1","show-me-where","show-me-where","3rd Grade","RL.3.1","Literature","G3.U1","4","roadmap-standard-row-not-approved-lesson-order","I can answer a question about a story and point to the exact line that proves it.","true","true","unknown","unknown","unknown","false","true","g3-unit-1-exam; show-me-where-quiz","exact-declaration","","","app/data/sample-lessons.json; app/data/lessons-v2/show-me-where.ts; docs/UNIT_ROADMAP.md:220","c9a75c11deae593d317d265b734cd6d8e0b86b9f4ead8dffa580a56b405d5072"
"RL.3.2","follow-the-message","follow-the-message","3rd Grade","RL.3.2","Literature","G3.U1","5","roadmap-standard-row-not-approved-lesson-order","I can recount a tale in order, name the message it teaches, and explain how the details show that message.","true","true","unknown","unknown","unknown","false","true","follow-the-message-quiz; g3-final; g3-unit-1-exam","exact-declaration","","","app/data/sample-lessons.json; app/data/lessons-v2/follow-the-message.ts; docs/UNIT_ROADMAP.md:221","fe44b03dfb16ed8d71c53b10adc582f5b913d9f542ac5c6c81a1ed4d934929e0"
"RL.3.3","why-they-did-it","why-they-did-it","3rd Grade","RL.3.3","Literature","G3.U1","6","roadmap-standard-row-not-approved-lesson-order","I can describe a character by her trait, her want, and her feeling, and explain how her action caused what happened next.","true","true","unknown","unknown","unknown","false","true","g3-final; g3-unit-1-exam; why-they-did-it-quiz","exact-declaration","","","app/data/sample-lessons.json; app/data/lessons-v2/why-they-did-it.ts; docs/UNIT_ROADMAP.md:222","cdb0d6bec85c96fe2c4f0c81f4dfb5104af8a96572500b946995b7ba2052f9d6"
"RL.3.4","more-than-it-says","more-than-it-says","3rd Grade","RL.3.4","Literature","G3.U2","4","roadmap-standard-row-not-approved-lesson-order","I can tell when a phrase in a story means exactly what it says or more than it says, and I can say the plain version.","true","true","unknown","unknown","unknown","false","true","g3-final; g3-unit-2-exam; more-than-it-says-quiz","exact-declaration","","","app/data/sample-lessons.json; app/data/lessons-v2/more-than-it-says.ts; docs/UNIT_ROADMAP.md:238","b26b4ed2b7392027e8a2ac7f8bfa82019bd327a29d0f84cbaf61930cf02c1336"
"RL.3.5","parts-that-build","parts-that-build","3rd Grade","RL.3.5","Literature","G3.U2","5","roadmap-standard-row-not-approved-lesson-order","I can point to a chapter, a stanza, or a scene by its number, and explain how each part builds on the one before it.","true","true","unknown","unknown","unknown","false","true","g3-unit-2-exam; parts-that-build-quiz","exact-declaration","","","app/data/sample-lessons.json; app/data/lessons-v2/parts-that-build.ts; docs/UNIT_ROADMAP.md:239","9e2d674a8e617c5679e5a20d4ac367154647dcc47a21b08478f638dfbfeddddb"
"RL.3.6","their-view-your-view","their-view-your-view","3rd Grade","RL.3.6","Literature","G3.U2","6","roadmap-standard-row-not-approved-lesson-order","I can tell the narrator's view and the characters' views apart from my own view, and back my view with a reason from the story.","true","true","unknown","unknown","unknown","false","true","g3-final; g3-unit-2-exam; their-view-your-view-quiz","exact-declaration","","","app/data/sample-lessons.json; app/data/lessons-v2/their-view-your-view.ts; docs/UNIT_ROADMAP.md:240","c8ac57dc2bf3ee1718a773a265e29656a651b0d531006ba7385b623b6fea08d0"
"RL.3.7","what-the-picture-adds","what-the-picture-adds","3rd Grade","RL.3.7","Literature","G3.U3","4","roadmap-standard-row-not-approved-lesson-order","I can explain what a picture adds to the words of a story and point to the part of the picture that does it.","true","true","unknown","unknown","unknown","false","true","g3-unit-3-exam; what-the-picture-adds-quiz","exact-declaration","","","app/data/sample-lessons.json; app/data/lessons-v2/what-the-picture-adds.ts; docs/UNIT_ROADMAP.md:256","beb8e94ad757c84dcd4d7dde1ca8b217f628c37a8c407b7cb3dfc70f1ab96869"
"RL.3.9","same-hero-new-story","same-hero-new-story","3rd Grade","RL.3.9","Literature","G3.U3","5","roadmap-standard-row-not-approved-lesson-order","I can compare two stories about the same hero by the same author, and tell what stays the same and what changes in the theme, the setting, and the plot.","true","true","unknown","unknown","unknown","false","true","g3-unit-3-exam; same-hero-new-story-quiz","exact-declaration","","","app/data/sample-lessons.json; app/data/lessons-v2/same-hero-new-story.ts; docs/UNIT_ROADMAP.md:257","a30a3ce17e2d06f766657511e04cf7219d59fafb5ffe4a33c39b5721dbe8fff2"
"RL.3.10","the-whole-chapter","the-whole-chapter","3rd Grade","RL.3.10","Literature","G3.U3","6","roadmap-standard-row-not-approved-lesson-order","I can read a whole chapter mostly on my own, hold on to what happens, and use every reading tool I own to understand it from the first page to the last.","true","true","unknown","unknown","unknown","false","true","g3-final; g3-unit-3-exam; the-whole-chapter-quiz","exact-declaration","","","app/data/sample-lessons.json; app/data/lessons-v2/the-whole-chapter.ts; docs/UNIT_ROADMAP.md:258","10a67ddd456adf6aa931f75d036ba02df59eaa84c7ad281d7c4768ed1aa9a121"
"RI.3.1","point-to-the-fact","point-to-the-fact","3rd Grade","RI.3.1","Informational","G3.U1","7","roadmap-standard-row-not-approved-lesson-order","I can answer a question about a fact text and point to the exact sentence that says it.","true","true","unknown","unknown","unknown","false","true","g3-final; g3-unit-1-exam; point-to-the-fact-quiz","exact-declaration","","","app/data/sample-lessons.json; app/data/lessons-v2/point-to-the-fact.ts; docs/UNIT_ROADMAP.md:223","afea7eb3646aaedfe280623fc608b2e8fd7597708dbce47cfe4c14aad3a09b9f"
"RI.3.2","big-idea-backed-up","big-idea-backed-up","3rd Grade","RI.3.2","Informational","G3.U1","8","roadmap-standard-row-not-approved-lesson-order","I can find the big idea of a whole fact text, tell which details hold it up, and explain how they back it up.","true","true","unknown","unknown","unknown","false","true","big-idea-backed-up-quiz; g3-unit-1-exam","exact-declaration","","","app/data/sample-lessons.json; app/data/lessons-v2/big-idea-backed-up.ts; docs/UNIT_ROADMAP.md:224","72907e69cc523dd85209ec872ee6cb74f0b8909bbdbc9283bcefaa1fc531f189"
"RI.3.3","because-then-so","because-then-so","3rd Grade","RI.3.3","Informational","G3.U1","9","roadmap-standard-row-not-approved-lesson-order","I can find the words that connect facts in a text and explain how two ideas fit together using because, so, first, or after.","true","true","unknown","unknown","unknown","false","true","because-then-so-quiz; g3-unit-1-exam","exact-declaration","","","app/data/sample-lessons.json; app/data/lessons-v2/because-then-so.ts; docs/UNIT_ROADMAP.md:225","5e3fb2f944b23993f34a442f3afcdaebbf36903325600e4c86ad9ac018dd5d09"
"RI.3.4","expert-words","expert-words","3rd Grade","RI.3.4","Informational","G3.U2","7","roadmap-standard-row-not-approved-lesson-order","I can work out the meaning of expert words and school words in a fact text, using the supports the text gives me.","true","true","unknown","unknown","unknown","false","true","expert-words-quiz; g3-unit-2-exam","exact-declaration","","","app/data/sample-lessons.json; app/data/lessons-v2/expert-words.ts; docs/UNIT_ROADMAP.md:241","b7b29195cad6d77ef382115d2350f85b13bcd9d3a99b1884aca05b7ae5238e35"
"RI.3.5","search-like-a-pro","search-like-a-pro","3rd Grade","RI.3.5","Informational","G3.U2","8","roadmap-standard-row-not-approved-lesson-order","I can pick the key words out of a question and use a text's tools to jump straight to the fact I need.","true","true","unknown","unknown","unknown","false","true","g3-unit-2-exam; search-like-a-pro-quiz","exact-declaration","","","app/data/sample-lessons.json; app/data/lessons-v2/search-like-a-pro.ts; docs/UNIT_ROADMAP.md:242","d565f7e4487345792d3922deb0aaaaedc291548c15047c832eec90fb4dfc47a3"
"RI.3.6","the-authors-view","the-authors-view","3rd Grade","RI.3.6","Informational","G3.U2","9","roadmap-standard-row-not-approved-lesson-order","I can tell a fact from the author's opinion in a fact book, find the author's view, and say whether my own view matches it, with a reason.","true","true","unknown","unknown","unknown","false","true","g3-unit-2-exam; the-authors-view-quiz","exact-declaration","","","app/data/sample-lessons.json; app/data/lessons-v2/the-authors-view.ts; docs/UNIT_ROADMAP.md:243","3f5b7e487075f9376c0f5525b0f910e87e367b3e20d44799cd11438b6b591abf"
"RI.3.7","maps-and-photos","maps-and-photos","3rd Grade","RI.3.7","Informational","G3.U3","7","roadmap-standard-row-not-approved-lesson-order","I can use a map, a photo, and the words of a fact book together to tell where, when, why, and how something happened.","true","true","unknown","unknown","unknown","false","true","g3-unit-3-exam; maps-and-photos-quiz","exact-declaration","","","app/data/sample-lessons.json; app/data/lessons-v2/maps-and-photos.ts; docs/UNIT_ROADMAP.md:259","b498ae52207729f94678b4fe75c89a4a65256b1a0469be566ab93ffd1ff2bf15"
"RI.3.8","sentence-to-sentence","sentence-to-sentence","3rd Grade","RI.3.8","Informational","G3.U3","8","roadmap-standard-row-not-approved-lesson-order","I can name how two sentences or two paragraphs in a fact text connect, by comparison, cause and effect, or sequence, and point to the word that shows it.","true","true","unknown","unknown","unknown","false","true","g3-final; g3-unit-3-exam; sentence-to-sentence-quiz","exact-declaration","","","app/data/sample-lessons.json; app/data/lessons-v2/sentence-to-sentence.ts; docs/UNIT_ROADMAP.md:260","0050121b9d1f911f448431e72b4ed8e58614b913fec16c06a0098324e05c17d8"
"RI.3.9","two-writers-one-topic","two-writers-one-topic","3rd Grade","RI.3.9","Informational","G3.U3","9","roadmap-standard-row-not-approved-lesson-order","I can compare two texts on the same topic by lining up each writer's most important point and key details, and tell what both texts say, what only one says, and how the two points differ.","true","true","unknown","unknown","unknown","false","true","g3-final; g3-unit-3-exam; two-writers-one-topic-quiz","exact-declaration","","","app/data/sample-lessons.json; app/data/lessons-v2/two-writers-one-topic.ts; docs/UNIT_ROADMAP.md:261","15719f9cc52a76f8c5f81f1bdafb42bf4600680659d062fa4fbadba28f789c79"
"RI.3.10","the-whole-fact-book","the-whole-fact-book","3rd Grade","RI.3.10","Informational","G3.U4","1","roadmap-standard-row-not-approved-lesson-order","I can read a whole fact book mostly on my own, hold on to the big idea as it grows, and use every fact-reading tool I own to understand it from the first page to the last.","true","true","unknown","unknown","unknown","false","true","g3-final; g3-unit-4-exam; the-whole-fact-book-quiz","exact-declaration","","","app/data/sample-lessons.json; app/data/lessons-v2/the-whole-fact-book.ts; docs/UNIT_ROADMAP.md:271","29f9fd504b4c9c750d2a0aef950443d8cbc4e4e94121a93d2ea1a7e7e90aeae3"
"RF.3.3","take-apart-any-word","take-apart-any-word","3rd Grade","RF.3.3","Foundational Skills","G3.U1","1","roadmap-standard-row-not-approved-lesson-order","I can take a long word apart while I read a story and keep the sentence moving.","true","true","unknown","unknown","unknown","false","true","g3-unit-1-exam; take-apart-any-word-quiz","exact-declaration","","","app/data/sample-lessons.json; app/data/lessons-v2/take-apart-any-word.ts; docs/UNIT_ROADMAP.md:217","e28febc044f6eb8501becbdcac81ff220072d1988be6c5f44659b87cd264936b"
"RF.3.3a","meaning-machines","meaning-machines","3rd Grade","RF.3.3a","Foundational Skills","G3.U1","2","roadmap-standard-row-not-approved-lesson-order","I can take a big word apart and use its prefix or suffix to unlock what it means.","true","true","unknown","unknown","unknown","false","true","g3-final; g3-unit-1-exam; meaning-machines-quiz","exact-declaration","","","app/data/sample-lessons.json; app/data/lessons-v2/meaning-machines.ts; docs/UNIT_ROADMAP.md:218","336814b5ec3c856b387e3ff0adf6fe910473bd69e70aec3281e6fff09479fb7c"
"RF.3.3b","long-word-trains","long-word-trains","3rd Grade","RF.3.3b","Foundational Skills","G3.U1","3","roadmap-standard-row-not-approved-lesson-order","I can read long words by chunking them, the front cars first and the suffix caboose last.","true","true","unknown","unknown","unknown","false","true","g3-unit-1-exam; long-word-trains-quiz","exact-declaration","","","app/data/sample-lessons.json; app/data/lessons-v2/long-word-trains.ts; docs/UNIT_ROADMAP.md:219","f646753394ef023fbe7c08692e98cbabb5d2e1f587c8e0e5b72a9bc2eec862be"
"RF.3.3c","chunk-by-chunk","chunk-by-chunk","3rd Grade","RF.3.3c","Foundational Skills","G3.U2","1","roadmap-standard-row-not-approved-lesson-order","I can find the vowel spots in a long word, split it into chunks at the right place, and read it chunk by chunk.","true","true","unknown","unknown","unknown","false","true","chunk-by-chunk-quiz; g3-final; g3-unit-2-exam","exact-declaration","","","app/data/sample-lessons.json; app/data/lessons-v2/chunk-by-chunk.ts; docs/UNIT_ROADMAP.md:235","69f0071c03164faadbb8e9cf0651d37d12c3b4977b1cef7a582dd1484e81a957"
"RF.3.3d","know-them-by-heart","know-them-by-heart","3rd Grade","RF.3.3d","Foundational Skills","G3.U2","2","roadmap-standard-row-not-approved-lesson-order","I can read words that break the sound rules by sounding out the fair part, learning the heart part by heart, and reading the whole word at a glance.","true","true","unknown","unknown","unknown","false","true","g3-final; g3-unit-2-exam; know-them-by-heart-quiz","exact-declaration","","","app/data/sample-lessons.json; app/data/lessons-v2/know-them-by-heart.ts; docs/UNIT_ROADMAP.md:236","1f2a09ccd1ba644496dfe7e6718df80d9b4663ca6cb22243198f9e0841a00429"
"RF.3.4","smooth-and-sure","smooth-and-sure","3rd Grade","RF.3.4","Foundational Skills","G3.U2","3","roadmap-standard-row-not-approved-lesson-order","I can read a real chapter out loud smooth and sure, with the right words, a talking pace, and a voice that follows the marks, so that I understand what happened.","true","true","unknown","unknown","unknown","false","true","g3-final; g3-unit-2-exam; smooth-and-sure-quiz","exact-declaration","","","app/data/sample-lessons.json; app/data/lessons-v2/smooth-and-sure.ts; docs/UNIT_ROADMAP.md:237","3cee51457c470151013bf7a3a5aa2c925a7d0ee5c5e2d0db548382b45a3e871e"
"RF.3.4a","know-why-you-read","know-why-you-read","3rd Grade","RF.3.4a","Foundational Skills","G3.U3","1","roadmap-standard-row-not-approved-lesson-order","I can name why I am reading before I start, read the page in the way that why needs, and check at the end that the why was met.","true","true","unknown","unknown","unknown","false","true","g3-unit-3-exam; know-why-you-read-quiz","exact-declaration","","","app/data/sample-lessons.json; app/data/lessons-v2/know-why-you-read.ts; docs/UNIT_ROADMAP.md:253","3fa069248e32a56faa75591e76996fa3df9387e7cd634e7d00630af94d11d9f4"
"RF.3.4b","prose-and-poem","prose-and-poem","3rd Grade","RF.3.4b","Foundational Skills","G3.U3","2","roadmap-standard-row-not-approved-lesson-order","I can read a story page and a poem out loud with the right words, a good pace, and expression, and read each one a second time even better.","true","true","unknown","unknown","unknown","false","true","g3-unit-3-exam; prose-and-poem-quiz","exact-declaration","","","app/data/sample-lessons.json; app/data/lessons-v2/prose-and-poem.ts; docs/UNIT_ROADMAP.md:254","8ab1c352f0fbd3bb8630553e2f34a69d67e57bd80359fc1c475d942c976aba65"
"RF.3.4c","does-that-make-sense","does-that-make-sense","3rd Grade","RF.3.4c","Foundational Skills","G3.U3","3","roadmap-standard-row-not-approved-lesson-order","I can check that every word and every sentence makes sense, and reread to confirm the reading or to correct it.","true","true","unknown","unknown","unknown","false","true","does-that-make-sense-quiz; g3-final; g3-unit-3-exam","exact-declaration","","","app/data/sample-lessons.json; app/data/lessons-v2/does-that-make-sense.ts; docs/UNIT_ROADMAP.md:255","caac9136a87d601857126023549b63fc8d4b4dff4ebc99e53b64bdc9d0275b44"
"L.3.4","three-word-tools","three-word-tools","3rd Grade","L.3.4","Language","G3.U1","10","roadmap-standard-row-not-approved-lesson-order","I can look at a new word, choose the tool that fits it, and test the meaning I get in the sentence.","true","true","unknown","unknown","unknown","false","true","g3-unit-1-exam; three-word-tools-quiz","exact-declaration","","","app/data/sample-lessons.json; app/data/lessons-v2/three-word-tools.ts; docs/UNIT_ROADMAP.md:226","9a388efcb482245d07ce09378d7e777fe15b8f92738b6d376b7d28087114838e"
"L.3.4a","read-around-the-word","read-around-the-word","3rd Grade","L.3.4a","Language","G3.U1","11","roadmap-standard-row-not-approved-lesson-order","I can read around a new word, find the clue in the sentence, and prove what the word means.","true","true","unknown","unknown","unknown","false","true","g3-final; g3-unit-1-exam; read-around-the-word-quiz","exact-declaration","","","app/data/sample-lessons.json; app/data/lessons-v2/read-around-the-word.ts; docs/UNIT_ROADMAP.md:227","5da163488577d8f4da5a9e68405478f1fb08e467964bb286b8318b6de01267a1"
"L.3.4b","new-word-new-meaning","new-word-new-meaning","3rd Grade","L.3.4b","Language","G3.U1","12","roadmap-standard-row-not-approved-lesson-order","I can put a known word and a known part together to work out a new word's meaning, then test it in the sentence.","true","true","unknown","unknown","unknown","false","true","g3-unit-1-exam; new-word-new-meaning-quiz","exact-declaration","","","app/data/sample-lessons.json; app/data/lessons-v2/new-word-new-meaning.ts; docs/UNIT_ROADMAP.md:228","82883f1b587231908c710b105cb60d1011f3494d492513132ec7a2fda8bbe188"
"L.3.4c","same-root-new-branch","same-root-new-branch","3rd Grade","L.3.4c","Language","G3.U1","13","roadmap-standard-row-not-approved-lesson-order","I can find a root I know inside a new word, borrow its meaning, and test it in the sentence.","true","true","unknown","unknown","unknown","false","true","g3-unit-1-exam; same-root-new-branch-quiz","exact-declaration","","","app/data/sample-lessons.json; app/data/lessons-v2/same-root-new-branch.ts; docs/UNIT_ROADMAP.md:229","250778b2ddf9fd776fe1f37b0044f3648f8ef041837a2da0a9b433f8f6a6fa24"
"L.3.4d","check-the-dictionary","check-the-dictionary","3rd Grade","L.3.4d","Language","G3.U2","10","roadmap-standard-row-not-approved-lesson-order","I can find a word's entry fast, read its parts, and pick the numbered meaning that fits my sentence exactly.","true","true","unknown","unknown","unknown","false","true","check-the-dictionary-quiz; g3-unit-2-exam","exact-declaration","","","app/data/sample-lessons.json; app/data/lessons-v2/check-the-dictionary.ts; docs/UNIT_ROADMAP.md:244","bffd1d6b9c8b5892336fa0586ef8149c293fbb79e7db5939a00b3128f7166fd3"
"L.3.5","word-connections","word-connections","3rd Grade","L.3.5","Language","G3.U2","11","roadmap-standard-row-not-approved-lesson-order","I can decide which connection a question about a word is asking for, then give the saying, the real-life example with a because, the near-same word, or the opposite.","true","true","unknown","unknown","unknown","false","true","g3-unit-2-exam; word-connections-quiz","exact-declaration","","","app/data/sample-lessons.json; app/data/lessons-v2/word-connections.ts; docs/UNIT_ROADMAP.md:245","32b39229cdbf4a864ee0f15f65c836c6397b4e804c60f5633f97e49d9736dec9"
"L.3.5a","sayings-that-mean-more","sayings-that-mean-more","3rd Grade","L.3.5a","Language","G3.U2","12","roadmap-standard-row-not-approved-lesson-order","I can tell when a group of words is a saying that means more than it says, find its meaning from the sentence, and use a saying in a sentence of my own.","true","true","unknown","unknown","unknown","false","true","g3-unit-2-exam; sayings-that-mean-more-quiz","exact-declaration","","","app/data/sample-lessons.json; app/data/lessons-v2/sayings-that-mean-more.ts; docs/UNIT_ROADMAP.md:246","4c69104854bcf02ebb42f0c85cc7761bbf5c196f2580b15dcd561c4f6014b337"
"L.3.5b","words-in-action","words-in-action","3rd Grade","L.3.5b","Language","G3.U2","13","roadmap-standard-row-not-approved-lesson-order","I can point to a describing word in real life and explain why the example fits.","true","true","unknown","unknown","unknown","false","true","g3-unit-2-exam; words-in-action-quiz","exact-declaration","","","app/data/sample-lessons.json; app/data/lessons-v2/words-in-action.ts; docs/UNIT_ROADMAP.md:247","0dae9c71028f55e1e7ea5aff574529f8682f692e936036862a66c560ae950acd"
"L.3.5c","shades-of-sure","shades-of-sure","3rd Grade","L.3.5c","Language","G3.U3","10","roadmap-standard-row-not-approved-lesson-order","I can put words about how sure a person is, or how big a feeling is, in order from weakest to strongest, pick the word that fits the clues, and explain the difference between two neighbors.","true","true","unknown","unknown","unknown","false","true","g3-unit-3-exam; shades-of-sure-quiz","exact-declaration","","","app/data/sample-lessons.json; app/data/lessons-v2/shades-of-sure.ts; docs/UNIT_ROADMAP.md:262","7a6ab765ad45cdf573cf938ada24dd6aef50723b99b102e2b5e045298fe15af2"
"L.3.6","when-and-where-words","when-and-where-words","3rd Grade","L.3.6","Language","G3.U3","11","roadmap-standard-row-not-approved-lesson-order","I can choose and use precise words that tell exactly when and exactly where.","true","true","unknown","unknown","unknown","false","true","g3-unit-3-exam; when-and-where-words-quiz","exact-declaration","","","app/data/sample-lessons.json; app/data/lessons-v2/when-and-where-words.ts; docs/UNIT_ROADMAP.md:263","e366523c46a84a121addcd606252a506bf97eb9c007eebebbbb662bfd13a25bf"
"RL.4.1","text-says-so-i-know","text-says-so-i-know","4th Grade","RL.4.1","Literature","G4.U1","2","roadmap-standard-row-not-approved-lesson-order","I can answer an explicit question by pointing to the detail, and answer an inference question by citing the detail and saying what it lets me know.","true","true","unknown","unknown","unknown","false","true","g4-unit-1-exam; text-says-so-i-know-quiz","exact-declaration","","","app/data/sample-lessons.json; app/data/lessons-v2/text-says-so-i-know.ts; docs/UNIT_ROADMAP.md:281","3a44419156a77a3fbf096927071cd4f17da2b67082a4807863a8728f9a74c945"
"RL.4.2","theme-and-summary","theme-and-summary","4th Grade","RL.4.2","Literature","G4.U1","3","roadmap-standard-row-not-approved-lesson-order","I can name the theme of a story as a big idea about life, prove it with details from across the text, and summarize the story in three sentences.","true","true","unknown","unknown","unknown","false","true","g4-unit-1-exam; theme-and-summary-quiz","exact-declaration","","","app/data/sample-lessons.json; app/data/lessons-v2/theme-and-summary.ts; docs/UNIT_ROADMAP.md:282","fdbebf6bf955f8e32ce1828b28f5f590fd07c16402acebd8cc5d0aeb2d37d2a2"
"RL.4.3","in-depth-details","in-depth-details","4th Grade","RL.4.3","Literature","G4.U1","4","roadmap-standard-row-not-approved-lesson-order","I can describe a character, a setting, or an event in depth, with a claim and specific details of different kinds from the text.","true","true","unknown","unknown","unknown","false","true","g4-unit-1-exam; in-depth-details-quiz","exact-declaration","","","app/data/sample-lessons.json; app/data/lessons-v2/in-depth-details.ts; docs/UNIT_ROADMAP.md:283","52b6510af53766aaa08c89dc3032296b6b10f26e9e7f05afb9e0af504ca7abfc"
"RL.4.4","words-from-the-myths","words-from-the-myths","4th Grade","RL.4.4","Literature","G4.U2","2","roadmap-standard-row-not-approved-lesson-order","I can find a word in a story that points to a character from a myth, tell what that character was known for, and explain the meaning the sentence borrows.","true","true","unknown","unknown","unknown","false","true","words-from-the-myths-quiz","exact-declaration","","","app/data/sample-lessons.json; app/data/lessons-v2/words-from-the-myths.ts; docs/UNIT_ROADMAP.md:296","e6b4cac804c42fcfa197cc3ce66b9bd8df9cf45190a2a62181ef541114f12ae3"
"RL.4.5","three-ways-to-tell-it","three-ways-to-tell-it","4th Grade","RL.4.5","Literature","G4.U2","3","roadmap-standard-row-not-approved-lesson-order","I can name prose, a poem, and a drama from the shape of the page, and use the terms for their parts when I talk about a text.","true","true","unknown","unknown","unknown","false","true","three-ways-to-tell-it-quiz","exact-declaration","","","app/data/sample-lessons.json; app/data/lessons-v2/three-ways-to-tell-it.ts; docs/UNIT_ROADMAP.md:297","715042d8407d2e5f2e32dbd02b86f984bcf13708327b54b5b1ec2a9dda8b9d49"
"RL.4.6","who-tells-it-changes-it","who-tells-it-changes-it","4th Grade","RL.4.6","Literature","G4.U2","4","roadmap-standard-row-not-approved-lesson-order","I can find the signal words, name first or third person, say what the narrator can and cannot know, and compare two tellings of one moment.","true","true","unknown","unknown","unknown","false","true","who-tells-it-changes-it-quiz","exact-declaration","","","app/data/sample-lessons.json; app/data/lessons-v2/who-tells-it-changes-it.ts; docs/UNIT_ROADMAP.md:298","8fcadebddc70522f80d8f01358095d88da3379777e59d71519be2397842d6468"
"RL.4.7","","","4th Grade","","Literature","G4.U3","2","roadmap-standard-row-not-approved-lesson-order","","false","false","unknown","unknown","unknown","false","false","","unresolved","no-exact-v2-lesson","","app/data/sample-lessons.json; docs/UNIT_ROADMAP.md:311",""
"RL.4.9","","","4th Grade","","Literature","G4.U3","3","roadmap-standard-row-not-approved-lesson-order","","false","false","unknown","unknown","unknown","false","false","","unresolved","no-exact-v2-lesson","","app/data/sample-lessons.json; docs/UNIT_ROADMAP.md:312",""
"RL.4.10","","","4th Grade","","Literature","G4.U3","4","roadmap-standard-row-not-approved-lesson-order","","false","false","unknown","unknown","unknown","false","false","","unresolved","no-exact-v2-lesson","","app/data/sample-lessons.json; docs/UNIT_ROADMAP.md:313",""
"RI.4.1","facts-say-so-i-know","facts-say-so-i-know","4th Grade","RI.4.1","Informational","G4.U1","5","roadmap-standard-row-not-approved-lesson-order","I can answer an explicit question about a fact text by pointing to the detail or the example, and answer an inference question by citing the detail and saying what it lets me know.","true","true","unknown","unknown","unknown","false","true","facts-say-so-i-know-quiz; g4-unit-1-exam","exact-declaration","","","app/data/sample-lessons.json; app/data/lessons-v2/facts-say-so-i-know.ts; docs/UNIT_ROADMAP.md:284","1fa7ac7264bb4f28677c232c9c4140ba453edc647ecfcacd6f5ebf167fb086f4"
"RI.4.2","main-idea-and-summary","main-idea-and-summary","4th Grade","RI.4.2","Informational","G4.U1","6","roadmap-standard-row-not-approved-lesson-order","I can state the main idea of a fact text as a full sentence, explain how each key detail supports it, and summarize the text in three sentences.","true","true","unknown","unknown","unknown","false","true","g4-unit-1-exam; main-idea-and-summary-quiz","exact-declaration","","","app/data/sample-lessons.json; app/data/lessons-v2/main-idea-and-summary.ts; docs/UNIT_ROADMAP.md:285","8ccc602bcc37290c458f682512f39c559d6bbff38d7b03f02880c91d2f04f91e"
"RI.4.3","what-happened-and-why","what-happened-and-why","4th Grade","RI.4.3","Informational","G4.U1","7","roadmap-standard-row-not-approved-lesson-order","I can explain an event, a procedure, or a concept in a fact text, telling what happened and why in my own words from specific information in the text.","true","true","unknown","unknown","unknown","false","true","g4-unit-1-exam; what-happened-and-why-quiz","exact-declaration","","","app/data/sample-lessons.json; app/data/lessons-v2/what-happened-and-why.ts; docs/UNIT_ROADMAP.md:286","0269635b1ecffa285bc52606736ced076d5c8562cefba408ad5122a60d3e3343"
"RI.4.4","words-of-the-field","words-of-the-field","4th Grade","RI.4.4","Informational","G4.U2","5","roadmap-standard-row-not-approved-lesson-order","I can sort a hard word in a fact text into its kind, a field word or an everywhere word, and use that kind's tool to get its meaning.","true","true","unknown","unknown","unknown","false","false","words-of-the-field-quiz","exact-declaration","","","app/data/sample-lessons.json; app/data/lessons-v2/words-of-the-field.ts; docs/UNIT_ROADMAP.md:299","42b665975653e32a3737f6f8a5f6a7e80b3efbc724611688e22cbebe8bb33d32"
"RI.4.5","the-shape-of-the-facts","the-shape-of-the-facts","4th Grade","RI.4.5","Informational","G4.U2","6","roadmap-standard-row-not-approved-lesson-order","I can name the overall shape of a fact text or a section of it, point to the signal words that reveal it, choose the diagram that fits, and notice when the text switches shape.","true","true","unknown","unknown","unknown","false","false","the-shape-of-the-facts-quiz","exact-declaration","","","app/data/sample-lessons.json; app/data/lessons-v2/the-shape-of-the-facts.ts; docs/UNIT_ROADMAP.md:300","c76b2580aae2f78df62cd7a9ec505e9ec80197abe64f346afe89b4c45fcef4fe"
"RI.4.6","there-or-told-about-it","there-or-told-about-it","4th Grade","RI.4.6","Informational","G4.U2","7","roadmap-standard-row-not-approved-lesson-order","I can tell a firsthand account from a secondhand account of the same event, say what each one focuses on, and find the information only one of them gives.","true","true","unknown","unknown","unknown","false","false","","exact-declaration","","","app/data/sample-lessons.json; app/data/lessons-v2/there-or-told-about-it.ts; docs/UNIT_ROADMAP.md:301","7eb7330e7429b4f86a18d1770ed9a395166567801e9f932c79d6348680f9d652"
"RI.4.7","","","4th Grade","","Informational","G4.U3","5","roadmap-standard-row-not-approved-lesson-order","","false","false","unknown","unknown","unknown","false","false","","unresolved","no-exact-v2-lesson","","app/data/sample-lessons.json; docs/UNIT_ROADMAP.md:314",""
"RI.4.8","","","4th Grade","","Informational","G4.U3","6","roadmap-standard-row-not-approved-lesson-order","","false","false","unknown","unknown","unknown","false","false","","unresolved","no-exact-v2-lesson","","app/data/sample-lessons.json; docs/UNIT_ROADMAP.md:315",""
"RI.4.9","","","4th Grade","","Informational","G4.U3","7","roadmap-standard-row-not-approved-lesson-order","","false","false","unknown","unknown","unknown","false","false","","unresolved","no-exact-v2-lesson","","app/data/sample-lessons.json; docs/UNIT_ROADMAP.md:316",""
"RI.4.10","","","4th Grade","","Informational","G4.U4","1","roadmap-standard-row-not-approved-lesson-order","","false","false","unknown","unknown","unknown","false","false","","unresolved","no-exact-v2-lesson","","app/data/sample-lessons.json; docs/UNIT_ROADMAP.md:325",""
"RF.4.3","long-words-full-speed","long-words-full-speed","4th Grade","RF.4.3","Foundational Skills","G4.U1","1","roadmap-standard-row-not-approved-lesson-order","I can read a four- or five-syllable word inside a sentence by spotting the edges, chunking the middle by ear, saying it and testing it, and flexing a chunk when the first try fails, without stopping the sentence.","true","true","unknown","unknown","unknown","false","true","g4-unit-1-exam; long-words-full-speed-quiz","exact-declaration","","","app/data/sample-lessons.json; app/data/lessons-v2/long-words-full-speed.ts; docs/UNIT_ROADMAP.md:280","94b976e7b2cae6f544dccdd681cb2d037e452ca89326c80c3f64932f9f53abd9"
"RF.4.3a","split-it-your-way","split-it-your-way","4th Grade","RF.4.3a","Foundational Skills","G4.U2","1","roadmap-standard-row-not-approved-lesson-order","I can read an unfamiliar long word by finding the parts I know, choosing the pattern that splits the rest, saying it with one soft chunk, and testing it, inside a sentence or on its own.","true","true","unknown","unknown","unknown","false","true","split-it-your-way-quiz","exact-declaration","","","app/data/sample-lessons.json; app/data/lessons-v2/split-it-your-way.ts; docs/UNIT_ROADMAP.md:295","90fc402d3b220b150d09e9fac9f8b9f66dfddee4e70ddade0a475706308964b4"
"RF.4.4","","","4th Grade","","Foundational Skills","G4.U3","1","roadmap-standard-row-not-approved-lesson-order","","false","false","unknown","unknown","unknown","false","false","","unresolved","no-exact-v2-lesson","","app/data/sample-lessons.json; docs/UNIT_ROADMAP.md:310",""
"L.4.4","the-right-tool","the-right-tool","4th Grade","L.4.4","Language","G4.U1","8","roadmap-standard-row-not-approved-lesson-order","I can look at a new word, choose the tool that fits it, test the meaning in the sentence, switch when the test fails, and say which tool I used.","true","true","unknown","unknown","unknown","false","true","g4-unit-1-exam; the-right-tool-quiz","exact-declaration","","","app/data/sample-lessons.json; app/data/lessons-v2/the-right-tool.ts; docs/UNIT_ROADMAP.md:287","7144078dac23bf265a8e941f2ece1f9f632bc6e013d2febac71303e75bcda594"
"L.4.4a","context-at-a-distance","context-at-a-distance","4th Grade","L.4.4a","Language","G4.U1","9","roadmap-standard-row-not-approved-lesson-order","I can find the clue for a new word even when it lives a sentence or a paragraph away, name its kind and its place, and test the meaning.","true","true","unknown","unknown","unknown","false","true","context-at-a-distance-quiz; g4-unit-1-exam","exact-declaration","","","app/data/sample-lessons.json; app/data/lessons-v2/context-at-a-distance.ts; docs/UNIT_ROADMAP.md:288","f1f2fa2987059f5a1c2eed9e9277fb9c60ed76129c71f241cedbd2a5b36e67ee"
"L.4.4b","greek-and-latin-roots","greek-and-latin-roots","4th Grade","L.4.4b","Language","G4.U1","10","roadmap-standard-row-not-approved-lesson-order","I can find a Greek or Latin part I know inside a long word, borrow its meaning, add the other part, and test it in the sentence.","true","true","unknown","unknown","unknown","false","true","g4-unit-1-exam; greek-and-latin-roots-quiz","exact-declaration","","","app/data/sample-lessons.json; app/data/lessons-v2/greek-and-latin-roots.ts; docs/UNIT_ROADMAP.md:289","48634c06d080db94c2b56acf07eeb3f642de794169152c2af38eed918d863c28"
"L.4.4c","","","4th Grade","","Language","G4.U2","8","roadmap-standard-row-not-approved-lesson-order","","false","false","unknown","unknown","unknown","false","false","","unresolved","no-exact-v2-lesson","","app/data/sample-lessons.json; docs/UNIT_ROADMAP.md:302",""
"L.4.5","","","4th Grade","","Language","G4.U2","9","roadmap-standard-row-not-approved-lesson-order","","false","false","unknown","unknown","unknown","false","false","","unresolved","no-exact-v2-lesson","","app/data/sample-lessons.json; docs/UNIT_ROADMAP.md:303",""
"L.4.5a","","","4th Grade","","Language","G4.U2","10","roadmap-standard-row-not-approved-lesson-order","","false","false","unknown","unknown","unknown","false","false","","unresolved","no-exact-v2-lesson","","app/data/sample-lessons.json; docs/UNIT_ROADMAP.md:304",""
"L.4.5b","","","4th Grade","","Language","G4.U3","8","roadmap-standard-row-not-approved-lesson-order","","false","false","unknown","unknown","unknown","false","false","","unresolved","no-exact-v2-lesson","","app/data/sample-lessons.json; docs/UNIT_ROADMAP.md:317",""
"L.4.5c","","","4th Grade","","Language","G4.U3","9","roadmap-standard-row-not-approved-lesson-order","","false","false","unknown","unknown","unknown","false","false","","unresolved","no-exact-v2-lesson","","app/data/sample-lessons.json; docs/UNIT_ROADMAP.md:318",""
"L.4.6","","","4th Grade","","Language","G4.U3","10","roadmap-standard-row-not-approved-lesson-order","","false","false","unknown","unknown","unknown","false","false","","unresolved","no-exact-v2-lesson","","app/data/sample-lessons.json; docs/UNIT_ROADMAP.md:319",""
"RF.1.3a","digraph-detectives","digraph-detectives","1st Grade","RF.1.3a","Foundational Skills","G1.U3","1","roadmap-standard-row-not-approved-lesson-order","I can read words with two-letter teams like the ones in ship, chat, thin, and whale!","true","true","unknown","unknown","unknown","false","true","digraph-detectives-quiz; g1-unit-3-exam","exact-declaration","","","app/data/sample-lessons.json; app/data/lessons-v2/digraph-detectives.ts; docs/UNIT_ROADMAP.md:110","3c11a7a7cbb12f75208075c26add89f5ad3223ff27f7152c7d1d6ccf5810402d"
"RF.1.3b","sound-it-out","sound-it-out","1st Grade","RF.1.3b","Foundational Skills","G1.U3","2","roadmap-standard-row-not-approved-lesson-order","I can read a brand new word by saying each sound in order and blending them together!","true","true","unknown","unknown","unknown","false","true","g1-unit-3-exam; sound-it-out-quiz","exact-declaration","","","app/data/sample-lessons.json; app/data/lessons-v2/sound-it-out.ts; docs/UNIT_ROADMAP.md:111","e8b9717d2d25e06c83693228d37d2684b57e78735af594a605db75d9e4db928b"
"RF.1.3c","magic-teams","magic-teams","1st Grade","RF.1.3c","Foundational Skills","G1.U3","3","roadmap-standard-row-not-approved-lesson-order","Silent e and vowel teams make a vowel say its name.","true","true","unknown","unknown","unknown","false","true","g1-final; g1-unit-3-exam; magic-teams-quiz","exact-declaration","","","app/data/sample-lessons.json; app/data/lessons-v2/magic-teams.ts; docs/UNIT_ROADMAP.md:112","675f3ef25686505287730e06c0e544ccaa1413b9bd1009d0a95fd775bb385b15"
"RF.1.3d","syllable-splitters","syllable-splitters","1st Grade","RF.1.3d","Foundational Skills","G1.U4","1","roadmap-standard-row-not-approved-lesson-order","I can count vowel sounds to find the syllables in a printed word!","true","true","unknown","unknown","unknown","false","true","g1-unit-4-exam; syllable-splitters-quiz","exact-declaration","","","app/data/sample-lessons.json; app/data/lessons-v2/syllable-splitters.ts; docs/UNIT_ROADMAP.md:125","b9936b16110855f939afda9c000dc3a59d5ed0e07d9019d7a0a9622934e08fb2"
"RF.1.3e","word-breakers","word-breakers","1st Grade","RF.1.3e","Foundational Skills","G1.U4","2","roadmap-standard-row-not-approved-lesson-order","I can break two-syllable words into chunks and read them!","true","true","unknown","unknown","unknown","false","true","g1-final; g1-unit-4-exam; word-breakers-quiz","exact-declaration","","","app/data/sample-lessons.json; app/data/lessons-v2/word-breakers.ts; docs/UNIT_ROADMAP.md:126","ad6e8bbf360566496e0ad46130e54be78680889e5d70aad11afed75f03c42984"
"RF.1.3f","ending-readers","ending-readers","1st Grade","RF.1.3f","Foundational Skills","G1.U4","3","roadmap-standard-row-not-approved-lesson-order","I can read words with endings like s, ed, and ing!","true","true","unknown","unknown","unknown","false","true","ending-readers-quiz; g1-unit-4-exam","exact-declaration","","","app/data/sample-lessons.json; app/data/lessons-v2/ending-readers.ts; docs/UNIT_ROADMAP.md:127","cddc9627b4491d3d123748ed19687096e23cae2e430d22cca449638c320376fa"
"RF.1.3g","tricky-words","tricky-words","1st Grade","RF.1.3g","Foundational Skills","G1.U5","1","roadmap-standard-row-not-approved-lesson-order","I can read tricky words that break the sounding out rules.","true","true","unknown","unknown","unknown","false","true","g1-final; g1-unit-5-exam; tricky-words-quiz","exact-declaration","","","app/data/sample-lessons.json; app/data/lessons-v2/tricky-words.ts; docs/UNIT_ROADMAP.md:140","add88041cf32c653bcba305e6045373c5c5622a5e1a2f0f7cb989ec161e66db0"
"RF.1.4a","reading-with-purpose","reading-with-purpose","1st Grade","RF.1.4a","Foundational Skills","G1.U5","2","roadmap-standard-row-not-approved-lesson-order","I can set a purpose before reading, read to answer it, and check that it makes sense.","true","true","unknown","unknown","unknown","false","true","g1-unit-5-exam; reading-with-purpose-quiz","exact-declaration","","","app/data/sample-lessons.json; app/data/lessons-v2/reading-with-purpose.ts; docs/UNIT_ROADMAP.md:141","913fc6cbf9c5763f01190292777f0641d43ef3ad3b5581e74305c323427b0470"
"L.1.1","grammar-builders","grammar-builders","1st Grade","L.1.1","Language","G1.U4","9","roadmap-standard-row-not-approved-lesson-order","I can build sentences that sound right when I speak.","true","true","unknown","unknown","unknown","false","true","g1-unit-4-exam; grammar-builders-quiz","exact-declaration","","","app/data/sample-lessons.json; app/data/lessons-v2/grammar-builders.ts; docs/UNIT_ROADMAP.md:133","4616b757ed45fff9f57f9f7de29257b55adb3de085b1f692dc80781c6e49bd43"
"L.1.2","write-it-right","write-it-right","1st Grade","L.1.2","Language","G1.U4","10","roadmap-standard-row-not-approved-lesson-order","I can write names, dates, and sentences the right way.","true","true","unknown","unknown","unknown","false","true","g1-unit-4-exam; write-it-right-quiz","exact-declaration","","","app/data/sample-lessons.json; app/data/lessons-v2/write-it-right.ts; docs/UNIT_ROADMAP.md:134","bf8867020a62eb423f1323c8256e7d0b0a25b7b3c423adf74bc0f35b46e732a9"
"L.2.1","rule-breaker-words","rule-breaker-words","2nd Grade","L.2.1","Language","G2.U3","12","roadmap-standard-row-not-approved-lesson-order","I can pick the rule breaker words that mean more than one, tell about yesterday, and name a group.","true","true","unknown","unknown","unknown","false","true","g2-unit-3-exam; rule-breaker-words-quiz","exact-declaration","","","app/data/sample-lessons.json; app/data/lessons-v2/rule-breaker-words.ts; docs/UNIT_ROADMAP.md:199","104f648b20d533f5eda72382c4e63e77748e7714819ad1630bcd013ff1c3a8ee"
"L.2.2","letter-perfect","letter-perfect","2nd Grade","L.2.2","Language","G2.U3","13","roadmap-standard-row-not-approved-lesson-order","I can use capitals for special names, apostrophes, and letter commas when I write.","true","true","unknown","unknown","unknown","false","true","g2-unit-3-exam; letter-perfect-quiz","exact-declaration","","","app/data/sample-lessons.json; app/data/lessons-v2/letter-perfect.ts; docs/UNIT_ROADMAP.md:200","78ab8bcc0995dead3a733e6c95d1f410c022d1e5b63d1114827e0d1e0f40fddb"
"L.2.3","match-your-voice","match-your-voice","2nd Grade","L.2.3","Language","G2.U4","4","roadmap-standard-row-not-approved-lesson-order","I can match my playground voice and my school voice to the listener and the moment.","true","true","unknown","unknown","unknown","false","true","g2-final; g2-unit-4-exam; match-your-voice-quiz","exact-declaration","","","app/data/sample-lessons.json; app/data/lessons-v2/match-your-voice.ts; docs/UNIT_ROADMAP.md:209","a363b3a8df89962384515150142c00c66b1a26858652e698cf5dd876c02ce00b"
"L.3.1","build-a-better-sentence","build-a-better-sentence","3rd Grade","L.3.1","Language","G3.U3","12","roadmap-standard-row-not-approved-lesson-order","I can join two ideas with the right word, keep every verb matched to its subject, use the right tense, and compare things correctly.","true","true","unknown","unknown","unknown","false","true","build-a-better-sentence-quiz; g3-final; g3-unit-3-exam","exact-declaration","","","app/data/sample-lessons.json; app/data/lessons-v2/build-a-better-sentence.ts; docs/UNIT_ROADMAP.md:264","a1f0de05d801221328ebd43f6a1355530ad43827332b83c5618b6bfadb37a925"
"L.3.2","commas-quotes-capitals","commas-quotes-capitals","3rd Grade","L.3.2","Language","G3.U3","13","roadmap-standard-row-not-approved-lesson-order","I can punctuate dialogue, capitalize a title, place the comma in an address, show an owner with an apostrophe, and spell a word when an ending goes on.","true","true","unknown","unknown","unknown","false","true","commas-quotes-capitals-quiz; g3-final; g3-unit-3-exam","exact-declaration","","","app/data/sample-lessons.json; app/data/lessons-v2/commas-quotes-capitals.ts; docs/UNIT_ROADMAP.md:265","b847666ce011a0bf29705f6904639a93914cf597d1e1a5734933ef409e9a97ff"
"L.3.3","words-for-effect","words-for-effect","3rd Grade","L.3.3","Language","G3.U4","2","roadmap-standard-row-not-approved-lesson-order","I can choose a word or a detail for the effect it makes on a reader, name that effect, and tell which words belong to talking and which belong on the page.","true","true","unknown","unknown","unknown","false","true","g3-final; g3-unit-4-exam; words-for-effect-quiz","exact-declaration","","","app/data/sample-lessons.json; app/data/lessons-v2/words-for-effect.ts; docs/UNIT_ROADMAP.md:272","b1dabff538e70922d49278396305f4fff24ed0ce0ee620baea3c9c62d0efe81a"
"L.4.1","","","4th Grade","","Language","G4.U4","2","roadmap-standard-row-not-approved-lesson-order","","false","false","unknown","unknown","unknown","false","false","","unresolved","no-exact-v2-lesson","","app/data/sample-lessons.json; docs/UNIT_ROADMAP.md:326",""
"L.4.2","","","4th Grade","","Language","G4.U4","3","roadmap-standard-row-not-approved-lesson-order","","false","false","unknown","unknown","unknown","false","false","","unresolved","no-exact-v2-lesson","","app/data/sample-lessons.json; docs/UNIT_ROADMAP.md:327",""
"L.4.3","","","4th Grade","","Language","G4.U4","4","roadmap-standard-row-not-approved-lesson-order","","false","false","unknown","unknown","unknown","false","false","","unresolved","no-exact-v2-lesson","","app/data/sample-lessons.json; docs/UNIT_ROADMAP.md:328",""
"RL.K.10","reading-party","reading-party","Kindergarten","RL.K.10","Literature","K.U3","5","roadmap-standard-row-not-approved-lesson-order","I can understand a story and read some words!","true","true","unknown","unknown","unknown","false","true","reading-party-quiz; unit-3-exam","exact-declaration","","","app/data/sample-lessons.json; app/data/lessons-v2/reading-party.ts; docs/UNIT_ROADMAP.md:54","1eb135a6716f68499b592bd98f76229e67e10b5b1a8a84bc8b6badc441a2f05d"
"RI.K.10","fact-reading-party","fact-reading-party","Kindergarten","RI.K.10","Informational","K.U4","10","roadmap-standard-row-not-approved-lesson-order","I can read a whole fact book and understand it!","true","true","unknown","unknown","unknown","false","true","fact-reading-party-quiz; unit-4-exam","exact-declaration","","","app/data/sample-lessons.json; app/data/lessons-v2/fact-reading-party.ts; docs/UNIT_ROADMAP.md:72","19adead1714192f829a9b5ff788fc9c05dcc849ac265f148b1a860de5963e729"
"RL.1.10","story-poem-party","story-poem-party","1st Grade","RL.1.10","Literature","G1.U5","3","roadmap-standard-row-not-approved-lesson-order","I can read a whole story and a whole poem like a grade one reader.","true","true","unknown","unknown","unknown","false","true","g1-final; g1-unit-5-exam; story-poem-party-quiz","exact-declaration","","","app/data/sample-lessons.json; app/data/lessons-v2/story-poem-party.ts; docs/UNIT_ROADMAP.md:142","443eedffaa2df7c0e7786f2aff1b496ea0c7e52f9b5210661d4f4eee20ae7336"
"RI.1.10","fact-party-g1","fact-party-g1","1st Grade","RI.1.10","Informational","G1.U5","5","roadmap-standard-row-not-approved-lesson-order","I can read a whole fact book with purpose and understanding.","true","true","unknown","unknown","unknown","false","true","fact-party-g1-quiz; g1-unit-5-exam","exact-declaration","","","app/data/sample-lessons.json; app/data/lessons-v2/fact-party-g1.ts; docs/UNIT_ROADMAP.md:144","7e803db49765d77d7884819cf0467518b05855bfef59b3bbd173f12c911a00d0"
"","book-basics","book-basics","Kindergarten","RF.K.1","unresolved: no catalog row","","","roadmap-standard-row-not-approved-lesson-order","I can find words in a book by reading left to right and top to bottom.","true","true","unknown","unknown","unknown","false","","book-basics-quiz; k-final; unit-1-exam","unresolved","declared-standard-outside-routing-catalog; no-exact-roadmap-membership","","app/data/sample-lessons.json; app/data/lessons-v2/book-basics.ts","75351a41d4b57f0a01d28499aa0ee2e5771a9f54a7fc246861285fec494aea59"
